MOBILE_APP_REQUEST_ID,INSERT_TS,RESPONSE_STATUS_ID,DEVICE,DEVICE_OS,RESPONSE_STATUS_NAME,MOBILE_SUBMISSION_ID,Size,"Page Count",INSERT_TS,LAST_UPDATE_TS,CLIENT_VERSION
338,"2019-10-28 02:02:27",300100,"iPhone 6s Plus",13.1.3,"Successful validation.",NULL,NULL,NULL,"2019-10-28 02:02:27","2019-10-28 02:02:29",1.0.201910230000.2
343,"2019-10-28 07:25:18",300100,SM-N960U1,28,"Successful validation.",NULL,NULL,NULL,"2019-10-28 07:25:18","2019-10-28 07:25:21",1.0
352,"2019-10-28 08:05:07",300100,SM-G960U,28,"Successful validation.",NULL,NULL,NULL,"2019-10-28 08:05:07","2019-10-28 08:05:12",1.0
365,"2019-10-28 08:32:42",300100,SM-G960U,28,"Successful validation.",NULL,NULL,NULL,"2019-10-28 08:32:42","2019-10-28 08:32:46",1.0
368,"2019-10-28 08:33:43",300200,SM-G960U,28,INFORMATION_NOT_VERIFIED_TITLE,NULL,NULL,NULL,"2019-10-28 08:33:43","2019-10-28 08:33:47",1.0
369,"2019-10-28 08:34:22",300100,SM-G960U,28,"Successful validation.",NULL,NULL,NULL,"2019-10-28 08:34:22","2019-10-28 08:34:22",1.0
374,"2019-10-28 08:57:13",300100,"iPhone XS Max",13.1.3,"Successful validation.",NULL,NULL,NULL,"2019-10-28 08:57:13","2019-10-28 08:57:17",1.0.201910230000.2
377,"2019-10-28 08:59:24",300100,"iPhone XR",13.1.2,"Successful validation.",NULL,NULL,NULL,"2019-10-28 08:59:24","2019-10-28 08:59:28",1.0.201910230000.2
378,"2019-10-28 08:59:28",400205,"iPhone XS Max",13.1.3,"Invalid image content",c1420977-bc86-4734-9a1a-29a0b9953eed,"submission - images size 10155392","submission - images received 4","2019-10-28 08:59:28","2019-10-28 08:59:29",1.0.201910230000.2
379,"2019-10-28 09:00:34",400205,"iPhone XS Max",13.1.3,"Invalid image content",bdb42832-2815-4798-a066-6b75963d459f,"submission - images size 10155392","submission - images received 4","2019-10-28 09:00:34","2019-10-28 09:00:35",1.0.201910230000.2
382,"2019-10-28 09:02:49",400205,"iPhone XS Max",13.1.3,"Invalid image content",8244036c-41be-4072-8d42-deec628d160a,"submission - images size 10155392","submission - images received 4","2019-10-28 09:02:49","2019-10-28 09:02:49",1.0.201910230000.2
383,"2019-10-28 09:04:58",300200,"iPhone 8 Plus",13.1.2,INFORMATION_NOT_VERIFIED_TITLE,NULL,NULL,NULL,"2019-10-28 09:04:58","2019-10-28 09:05:06",1.0.201910230000.2
384,"2019-10-28 09:05:28",400100,"iPhone XS Max",13.1.3,"Documents successfully submitted.",c6c607f2-0c56-4cfb-a627-aeef3f63697d,"submission - images size 9031376","submission - images received 4","2019-10-28 09:05:28","2019-10-28 09:05:29",1.0.201910230000.2
385,"2019-10-28 09:07:18",300200,"iPhone 8 Plus",13.1.2,INFORMATION_NOT_VERIFIED_TITLE,NULL,NULL,NULL,"2019-10-28 09:07:18","2019-10-28 09:07:19",1.0.201910230000.2
386,"2019-10-28 09:08:27",300200,"iPhone 8 Plus",13.1.2,INFORMATION_NOT_VERIFIED_TITLE,NULL,NULL,NULL,"2019-10-28 09:08:27","2019-10-28 09:08:27",1.0.201910230000.2
397,"2019-10-28 09:14:48",300100,"iPhone XR",13.1.3,"Successful validation.",NULL,NULL,NULL,"2019-10-28 09:14:48","2019-10-28 09:14:51",1.0.201910230000.2
398,"2019-10-28 09:15:51",300100,"iPhone 8",13.1.3,"Successful validation.",NULL,NULL,NULL,"2019-10-28 09:15:51","2019-10-28 09:15:55",1.0.201910230000.2
407,"2019-10-28 09:21:51",300200,"iPhone XS",13.1.3,INFORMATION_NOT_VERIFIED_TITLE,NULL,NULL,NULL,"2019-10-28 09:21:51","2019-10-28 09:21:54",1.0.201910230000.2
408,"2019-10-28 09:22:41",300200,"iPhone 6s Plus",13.1.3,INFORMATION_NOT_VERIFIED_TITLE,NULL,NULL,NULL,"2019-10-28 09:22:41","2019-10-28 09:23:27",1.0.201910230000.2
409,"2019-10-28 09:23:05",300100,"iPhone XS",13.1.3,"Successful validation.",NULL,NULL,NULL,"2019-10-28 09:23:05","2019-10-28 09:23:05",1.0.201910230000.2
410,"2019-10-28 09:23:07",300200,LG-H918,26,INFORMATION_NOT_VERIFIED_TITLE,NULL,NULL,NULL,"2019-10-28 09:23:07","2019-10-28 09:24:43",1.0
411,"2019-10-28 09:25:02",400100,"iPhone XS",13.1.3,"Documents successfully submitted.",3aa17a9a-a349-4a3b-b450-fe2b38e7b0ea,"submission - images size 2946736","submission - images received 2","2019-10-28 09:25:02","2019-10-28 09:25:03",1.0.201910230000.2
416,"2019-10-28 09:26:02",300100,"iPhone 6s Plus",13.1.3,"Successful validation.",NULL,NULL,NULL,"2019-10-28 09:26:02","2019-10-28 09:26:04",1.0.201910230000.2
419,"2019-10-28 09:26:20",300100,LG-H918,26,"Successful validation.",NULL,NULL,NULL,"2019-10-28 09:26:20","2019-10-28 09:26:22",1.0
420,"2019-10-28 09:26:44",300100,"iPhone XS",13.1.3,"Successful validation.",NULL,NULL,NULL,"2019-10-28 09:26:44","2019-10-28 09:26:48",1.0.201910230000.2
421,"2019-10-28 09:27:34",300100,SM-G970U1,28,"Successful validation.",NULL,NULL,NULL,"2019-10-28 09:27:34","2019-10-28 09:27:37",1.0
422,"2019-10-28 09:29:09",400100,LG-H918,26,"Documents successfully submitted.",6b37fac6-7cd6-4919-a0fc-7c96f8326264,"submission - images size 9944304","submission - images received 1","2019-10-28 09:29:09","2019-10-28 09:29:10",1.0
423,"2019-10-28 09:29:45",400100,SM-G970U1,28,"Documents successfully submitted.",374565fe-3355-4438-8104-145e3c17558e,"submission - images size 1122896","submission - images received 1","2019-10-28 09:29:45","2019-10-28 09:29:46",1.0
424,"2019-10-28 09:30:25",400100,LG-H918,26,"Documents successfully submitted.",b16790ab-eabc-4629-8faf-06d90c36786d,"submission - images size 6307408","submission - images received 1","2019-10-28 09:30:25","2019-10-28 09:30:27",1.0
425,"2019-10-28 09:31:42",400100,"iPhone 6s Plus",13.1.3,"Documents successfully submitted.",c7e08cf3-af7c-4612-9c7a-8537210dd473,"submission - images size 1748032","submission - images received 2","2019-10-28 09:31:42","2019-10-28 09:31:43",1.0.201910230000.2
426,"2019-10-28 09:31:52",400100,LG-H918,26,"Documents successfully submitted.",bfaac05c-1414-41da-bf84-50547c1cb23d,"submission - images size 9112672","submission - images received 1","2019-10-28 09:31:52","2019-10-28 09:31:53",1.0
427,"2019-10-28 09:32:28",400100,LG-H918,26,"Documents successfully submitted.",9998584e-b0fd-4908-bf13-5c7c61eeb48f,"submission - images size 9994672","submission - images received 1","2019-10-28 09:32:28","2019-10-28 09:32:29",1.0
432,"2019-10-28 09:33:45",300200,"iPhone 7 Plus",13.1.3,INFORMATION_NOT_VERIFIED_TITLE,NULL,NULL,NULL,"2019-10-28 09:33:45","2019-10-28 09:33:51",1.0.201910230000.2
435,"2019-10-28 09:34:40",300100,"iPhone 8",13.1.3,"Successful validation.",NULL,NULL,NULL,"2019-10-28 09:34:40","2019-10-28 09:34:40",1.0.201910230000.2
436,"2019-10-28 09:34:45",300100,"iPhone 7 Plus",13.1.3,"Successful validation.",NULL,NULL,NULL,"2019-10-28 09:34:45","2019-10-28 09:34:49",1.0.201910230000.2
437,"2019-10-28 09:35:46",400100,"iPhone 7 Plus",13.1.3,"Documents successfully submitted.",cd0ecde5-ea45-4e8a-9c64-43dea196b441,"submission - images size 847568","submission - images received 1","2019-10-28 09:35:46","2019-10-28 09:35:47",1.0.201910230000.2
438,"2019-10-28 09:35:51",300100,LM-G710,28,"Successful validation.",NULL,NULL,NULL,"2019-10-28 09:35:51","2019-10-28 09:35:54",1.0
439,"2019-10-28 09:36:18",300100,LML414DL,27,"Successful validation.",NULL,NULL,NULL,"2019-10-28 09:36:18","2019-10-28 09:36:21",1.0
442,"2019-10-28 09:37:10",400100,"iPhone 8",13.1.3,"Documents successfully submitted.",7de855ed-6f3e-4809-a386-d0612d222f7f,"submission - images size 5606880","submission - images received 2","2019-10-28 09:37:10","2019-10-28 09:37:11",1.0.201910230000.2
443,"2019-10-28 09:40:08",400100,LM-G710,28,"Documents successfully submitted.",4c4be149-5127-4bd0-87e0-df2ae9de98eb,"submission - images size 1515488","submission - images received 1","2019-10-28 09:40:08","2019-10-28 09:40:09",1.0
456,"2019-10-28 09:46:22",300100,"iPhone 8 Plus",13.1.3,"Successful validation.",NULL,NULL,NULL,"2019-10-28 09:46:22","2019-10-28 09:46:25",1.0.201910230000.2
457,"2019-10-28 09:48:14",400100,LML414DL,27,"Documents successfully submitted.",70ccf820-f9b6-4eb3-bf7b-0a720a1b41df,"submission - images size 3750592","submission - images received 2","2019-10-28 09:48:14","2019-10-28 09:48:14",1.0
458,"2019-10-28 09:49:13",300200,LM-G820,28,INFORMATION_NOT_VERIFIED_TITLE,NULL,NULL,NULL,"2019-10-28 09:49:13","2019-10-28 09:49:50",1.0
459,"2019-10-28 09:49:39",300200,LM-G820,28,INFORMATION_NOT_VERIFIED_TITLE,NULL,NULL,NULL,"2019-10-28 09:49:39","2019-10-28 09:49:51",1.0
460,"2019-10-28 09:52:59",300200,LM-G820,28,INFORMATION_NOT_VERIFIED_TITLE,NULL,NULL,NULL,"2019-10-28 09:52:59","2019-10-28 09:53:00",1.0
465,"2019-10-28 09:54:54",300200,LM-G820,28,INFORMATION_NOT_VERIFIED_TITLE,NULL,NULL,NULL,"2019-10-28 09:54:54","2019-10-28 09:54:56",1.0
467,"2019-10-28 09:55:32",300100,XT1635-01,26,"Successful validation.",NULL,NULL,NULL,"2019-10-28 09:55:32","2019-10-28 09:55:35",1.0
472,"2019-10-28 09:58:41",400100,XT1635-01,26,"Documents successfully submitted.",b4a9a58a-6b87-4be4-b09d-a0e806f79c74,"submission - images size 4674256","submission - images received 1","2019-10-28 09:58:41","2019-10-28 09:58:42",1.0
477,"2019-10-28 10:00:50",300100,XT1635-01,26,"Successful validation.",NULL,NULL,NULL,"2019-10-28 10:00:50","2019-10-28 10:00:50",1.0
484,"2019-10-28 10:01:59",400100,XT1635-01,26,"Documents successfully submitted.",6eb452ea-3fd2-4ae4-847f-1f22eae232ff,"submission - images size 5112032","submission - images received 1","2019-10-28 10:01:59","2019-10-28 10:01:59",1.0
489,"2019-10-28 10:04:27",300200,"iPhone 6s Plus",12.4.1,INFORMATION_NOT_VERIFIED_TITLE,NULL,NULL,NULL,"2019-10-28 10:04:27","2019-10-28 10:04:30",1.0.201910230000.2
490,"2019-10-28 10:05:29",300100,"iPhone 6s Plus",12.4.1,"Successful validation.",NULL,NULL,NULL,"2019-10-28 10:05:29","2019-10-28 10:05:31",1.0.201910230000.2
504,"2019-10-28 10:11:59",300100,"iPhone 7 Plus",13.1.3,"Successful validation.",NULL,NULL,NULL,"2019-10-28 10:11:59","2019-10-28 10:12:00",1.0.201910230000.2
511,"2019-10-28 10:16:47",400100,"iPhone 7 Plus",13.1.3,"Documents successfully submitted.",39e1a861-374c-4fdb-8406-c18ad14d0899,"submission - images size 1753072","submission - images received 2","2019-10-28 10:16:47","2019-10-28 10:16:47",1.0.201910230000.2
515,"2019-10-28 10:17:47",300100,SM-S367VL,26,"Successful validation.",NULL,NULL,NULL,"2019-10-28 10:17:47","2019-10-28 10:17:49",1.0
518,"2019-10-28 10:17:51",400100,"iPhone 7 Plus",13.1.3,"Documents successfully submitted.",89904630-fe0f-4605-af97-ba8afd9feec4,"submission - images size 1498544","submission - images received 1","2019-10-28 10:17:51","2019-10-28 10:17:51",1.0.201910230000.2
520,"2019-10-28 10:18:49",300100,"iPhone SE",12.4.1,"Successful validation.",NULL,NULL,NULL,"2019-10-28 10:18:49","2019-10-28 10:18:52",1.0.201910230000.2
531,"2019-10-28 10:22:38",300100,"iPhone 7",13.1.3,"Successful validation.",NULL,NULL,NULL,"2019-10-28 10:22:38","2019-10-28 10:22:40",1.0.201910230000.2
538,"2019-10-28 10:24:26",400100,SM-S367VL,26,"Documents successfully submitted.",9083752c-9225-4dfe-8ecf-41447ddf995c,"submission - images size 1903824","submission - images received 1","2019-10-28 10:24:26","2019-10-28 10:24:26",1.0
539,"2019-10-28 10:24:28",300100,SM-J337V,28,"Successful validation.",NULL,NULL,NULL,"2019-10-28 10:24:28","2019-10-28 10:24:30",1.0
544,"2019-10-28 10:28:49",300100,"iPad 5",13.1.1,"Successful validation.",NULL,NULL,NULL,"2019-10-28 10:28:49","2019-10-28 10:28:51",1.0.201910230000.2
547,"2019-10-28 10:29:20",300100,"iPhone XR",13.1.3,"Successful validation.",NULL,NULL,NULL,"2019-10-28 10:29:20","2019-10-28 10:29:22",1.0.201910230000.2
548,"2019-10-28 10:30:32",300200,"iPhone 8",13.1.3,INFORMATION_NOT_VERIFIED_TITLE,NULL,NULL,NULL,"2019-10-28 10:30:32","2019-10-28 10:30:34",1.0.201910230000.2
551,"2019-10-28 10:31:24",300100,"iPhone 8",13.1.3,"Successful validation.",NULL,NULL,NULL,"2019-10-28 10:31:24","2019-10-28 10:31:24",1.0.201910230000.2
552,"2019-10-28 10:31:31",300100,XT1635-01,26,"Successful validation.",NULL,NULL,NULL,"2019-10-28 10:31:31","2019-10-28 10:31:31",1.0
553,"2019-10-28 10:33:04",300200,"iPhone 8 Plus",11.2.6,INFORMATION_NOT_VERIFIED_TITLE,NULL,NULL,NULL,"2019-10-28 10:33:04","2019-10-28 10:33:06",1.0.201910230000.2
558,"2019-10-28 10:34:28",300100,XT1635-01,26,"Successful validation.",NULL,NULL,NULL,"2019-10-28 10:34:28","2019-10-28 10:34:28",1.0
559,"2019-10-28 10:35:07",300100,"iPhone 6s Plus",12.4.1,"Successful validation.",NULL,NULL,NULL,"2019-10-28 10:35:07","2019-10-28 10:35:07",1.0.201910230000.2
560,"2019-10-28 10:35:38",300200,"iPhone 8 Plus",11.2.6,INFORMATION_NOT_VERIFIED_TITLE,NULL,NULL,NULL,"2019-10-28 10:35:38","2019-10-28 10:35:38",1.0.201910230000.2
563,"2019-10-28 10:36:52",400100,"iPhone 6s Plus",12.4.1,"Documents successfully submitted.",4588e253-d380-4ebf-a229-e01efa4fe3ab,"submission - images size 1532288","submission - images received 1","2019-10-28 10:36:52","2019-10-28 10:36:53",1.0.201910230000.2
564,"2019-10-28 10:36:57",300200,"iPhone 8 Plus",11.2.6,INFORMATION_NOT_VERIFIED_TITLE,NULL,NULL,NULL,"2019-10-28 10:36:57","2019-10-28 10:36:57",1.0.201910230000.2
567,"2019-10-28 10:37:42",300100,"iPhone 6s Plus",12.4.1,"Successful validation.",NULL,NULL,NULL,"2019-10-28 10:37:42","2019-10-28 10:37:42",1.0.201910230000.2
568,"2019-10-28 10:38:05",300200,"iPhone 8 Plus",11.2.6,INFORMATION_NOT_VERIFIED_TITLE,NULL,NULL,NULL,"2019-10-28 10:38:05","2019-10-28 10:38:05",1.0.201910230000.2
571,"2019-10-28 10:39:28",300100,XT1635-01,26,"Successful validation.",NULL,NULL,NULL,"2019-10-28 10:39:28","2019-10-28 10:39:29",1.0
578,"2019-10-28 10:40:22",300200,"iPhone 8 Plus",11.2.6,INFORMATION_NOT_VERIFIED_TITLE,NULL,NULL,NULL,"2019-10-28 10:40:22","2019-10-28 10:40:22",1.0.201910230000.2
579,"2019-10-28 10:40:27",300100,"iPhone SE",13.1,"Successful validation.",NULL,NULL,NULL,"2019-10-28 10:40:27","2019-10-28 10:40:29",1.0.201910230000.2
582,"2019-10-28 10:41:26",300100,SM-S767VL,28,"Successful validation.",NULL,NULL,NULL,"2019-10-28 10:41:26","2019-10-28 10:41:28",1.0
583,"2019-10-28 10:41:55",300100,"iPhone XS Max",13.1.2,"Successful validation.",NULL,NULL,NULL,"2019-10-28 10:41:55","2019-10-28 10:42:08",1.0.201910230000.2
586,"2019-10-28 10:47:11",300100,"iPhone XS Max",13.1.3,"Successful validation.",NULL,NULL,NULL,"2019-10-28 10:47:11","2019-10-28 10:47:14",1.0.201910230000.2
589,"2019-10-28 10:50:46",400100,"iPhone XS Max",13.1.3,"Documents successfully submitted.",e2544c48-6ea3-4fe8-baf0-4ac6e3573ca9,"submission - images size 3215824","submission - images received 1","2019-10-28 10:50:46","2019-10-28 10:50:47",1.0.201910230000.2
590,"2019-10-28 10:50:47",300100,"iPhone XS Max",13.1.3,"Successful validation.",NULL,NULL,NULL,"2019-10-28 10:50:47","2019-10-28 10:50:48",1.0.201910230000.2
597,"2019-10-28 10:52:19",300100,"iPhone XS Max",13.1.3,"Successful validation.",NULL,NULL,NULL,"2019-10-28 10:52:19","2019-10-28 10:52:19",1.0.201910230000.2
598,"2019-10-28 10:52:29",300200,"iPhone 8 Plus",13.1.3,INFORMATION_NOT_VERIFIED_TITLE,NULL,NULL,NULL,"2019-10-28 10:52:29","2019-10-28 10:52:30",1.0.201910230000.2
601,"2019-10-28 10:53:32",300100,"iPhone 8 Plus",13.1.3,"Successful validation.",NULL,NULL,NULL,"2019-10-28 10:53:32","2019-10-28 10:53:32",1.0.201910230000.2
602,"2019-10-28 10:53:58",300100,"iPhone 8 Plus",13.1.3,"Successful validation.",NULL,NULL,NULL,"2019-10-28 10:53:58","2019-10-28 10:54:00",1.0.201910230000.2
605,"2019-10-28 10:55:05",300100,"iPhone XR",13.1.2,"Successful validation.",NULL,NULL,NULL,"2019-10-28 10:55:05","2019-10-28 10:55:08",1.0.201910230000.2
606,"2019-10-28 10:55:16",300100,SM-N950U,28,"Successful validation.",NULL,NULL,NULL,"2019-10-28 10:55:16","2019-10-28 10:55:19",1.0
613,"2019-10-28 10:58:52",300100,SM-J737T1,26,"Successful validation.",NULL,NULL,NULL,"2019-10-28 10:58:52","2019-10-28 10:58:54",1.0
618,"2019-10-28 11:01:11",300200,"iPhone XS Max",13.1.3,INFORMATION_NOT_VERIFIED_TITLE,NULL,NULL,NULL,"2019-10-28 11:01:11","2019-10-28 11:01:13",1.0.201910230000.2
619,"2019-10-28 11:01:46",300200,"iPhone XS Max",13.1.3,INFORMATION_NOT_VERIFIED_TITLE,NULL,NULL,NULL,"2019-10-28 11:01:46","2019-10-28 11:01:46",1.0.201910230000.2
620,"2019-10-28 11:03:00",300200,"iPhone XS Max",13.1.3,INFORMATION_NOT_VERIFIED_TITLE,NULL,NULL,NULL,"2019-10-28 11:03:00","2019-10-28 11:03:00",1.0.201910230000.2
624,"2019-10-28 11:04:07",300100,"iPhone XS Max",13.1.3,"Successful validation.",NULL,NULL,NULL,"2019-10-28 11:04:07","2019-10-28 11:04:07",1.0.201910230000.2
627,"2019-10-28 11:04:58",400100,SM-J737T1,26,"Documents successfully submitted.",c2def356-6830-4409-80ce-cb2c4373a558,"submission - images size 6329824","submission - images received 2","2019-10-28 11:04:58","2019-10-28 11:05:00",1.0
628,"2019-10-28 11:05:25",300100,"iPhone 8 Plus",13.1.3,"Successful validation.",NULL,NULL,NULL,"2019-10-28 11:05:25","2019-10-28 11:05:27",1.0.201910230000.2
633,"2019-10-28 11:06:39",300200,SM-J737T1,26,INFORMATION_NOT_VERIFIED_TITLE,NULL,NULL,NULL,"2019-10-28 11:06:39","2019-10-28 11:06:40",1.0
634,"2019-10-28 11:06:59",300100,"iPhone 7 Plus",13.1.2,"Successful validation.",NULL,NULL,NULL,"2019-10-28 11:06:59","2019-10-28 11:07:06",1.0.201910230000.2
635,"2019-10-28 11:09:35",400100,"iPhone 8 Plus",13.1.3,"Documents successfully submitted.",f6618ff8-3a58-43e3-81b3-7445d133b992,"submission - images size 710704","submission - images received 1","2019-10-28 11:09:35","2019-10-28 11:09:36",1.0.201910230000.2
637,"2019-10-28 11:09:56",400100,"iPhone 7 Plus",13.1.2,"Documents successfully submitted.",380c3f30-ca2e-4b7b-a949-d74364f9509c,"submission - images size 3923552","submission - images received 2","2019-10-28 11:09:56","2019-10-28 11:09:57",1.0.201910230000.2
642,"2019-10-28 11:12:21",300100,"iPhone 6 Plus",12.4.2,"Successful validation.",NULL,NULL,NULL,"2019-10-28 11:12:21","2019-10-28 11:12:23",1.0.201910230000.2
645,"2019-10-28 11:12:54",300200,XT1650,26,INFORMATION_NOT_VERIFIED_TITLE,NULL,NULL,NULL,"2019-10-28 11:12:54","2019-10-28 11:13:12",1.0
650,"2019-10-28 11:14:11",300200,SM-G950U,28,INFORMATION_NOT_VERIFIED_TITLE,NULL,NULL,NULL,"2019-10-28 11:14:11","2019-10-28 11:15:53",1.0
651,"2019-10-28 11:14:33",300100,SM-N975U,28,"Successful validation.",NULL,NULL,NULL,"2019-10-28 11:14:33","2019-10-28 11:14:36",1.0
652,"2019-10-28 11:15:14",300200,SM-G950U,28,INFORMATION_NOT_VERIFIED_TITLE,NULL,NULL,NULL,"2019-10-28 11:15:14","2019-10-28 11:15:53",1.0
655,"2019-10-28 11:16:06",300200,SM-G950U,28,INFORMATION_NOT_VERIFIED_TITLE,NULL,NULL,NULL,"2019-10-28 11:16:06","2019-10-28 11:16:09",1.0
656,"2019-10-28 11:16:35",300200,"iPhone 6 Plus",12.4.2,INFORMATION_NOT_VERIFIED_TITLE,NULL,NULL,NULL,"2019-10-28 11:16:35","2019-10-28 11:16:38",1.0.201910230000.2
658,"2019-10-28 11:17:33",300100,SM-G950U,28,"Successful validation.",NULL,NULL,NULL,"2019-10-28 11:17:33","2019-10-28 11:17:36",1.0
660,"2019-10-28 11:17:51",300200,"iPhone 7 Plus",13.1.2,INFORMATION_NOT_VERIFIED_TITLE,NULL,NULL,NULL,"2019-10-28 11:17:51","2019-10-28 11:18:44",1.0.201910230000.2
663,"2019-10-28 11:18:33",400100,SM-N975U,28,"Documents successfully submitted.",34f4f504-38f4-4147-b84c-4ed050e402be,"submission - images size 5025104","submission - images received 2","2019-10-28 11:18:33","2019-10-28 11:18:34",1.0
670,"2019-10-28 11:19:35",300100,"iPhone 7 Plus",12.4.1,"Successful validation.",NULL,NULL,NULL,"2019-10-28 11:19:35","2019-10-28 11:19:37",1.0.201910230000.2
671,"2019-10-28 11:19:36",300100,"iPhone XR",13.1.2,"Successful validation.",NULL,NULL,NULL,"2019-10-28 11:19:36","2019-10-28 11:19:38",1.0.201910230000.2
674,"2019-10-28 11:19:56",300100,"iPhone 6 Plus",12.4.2,"Successful validation.",NULL,NULL,NULL,"2019-10-28 11:19:56","2019-10-28 11:19:56",1.0.201910230000.2
675,"2019-10-28 11:20:08",300100,"iPhone 8",12.4.1,"Successful validation.",NULL,NULL,NULL,"2019-10-28 11:20:08","2019-10-28 11:20:11",1.0.201910230000.2
676,"2019-10-28 11:20:16",300200,"iPhone 7 Plus",13.1.2,INFORMATION_NOT_VERIFIED_TITLE,NULL,NULL,NULL,"2019-10-28 11:20:16","2019-10-28 11:20:19",1.0.201910230000.2
679,"2019-10-28 11:20:47",300100,LM-G710VM,28,"Successful validation.",NULL,NULL,NULL,"2019-10-28 11:20:47","2019-10-28 11:20:49",1.0
680,"2019-10-28 11:21:28",300100,"iPhone 7",13.1.3,"Successful validation.",NULL,NULL,NULL,"2019-10-28 11:21:28","2019-10-28 11:21:29",1.0.201910230000.2
683,"2019-10-28 11:22:01",300100,"moto g(7) power",28,"Successful validation.",NULL,NULL,NULL,"2019-10-28 11:22:01","2019-10-28 11:22:03",1.0
684,"2019-10-28 11:22:37",300200,"iPhone 7 Plus",13.1.2,INFORMATION_NOT_VERIFIED_TITLE,NULL,NULL,NULL,"2019-10-28 11:22:37","2019-10-28 11:22:39",1.0.201910230000.2
687,"2019-10-28 11:23:25",400100,LM-G710VM,28,"Documents successfully submitted.",02bb868e-d137-4aac-90e9-f29aceafcb80,"submission - images size 1622912","submission - images received 1","2019-10-28 11:23:25","2019-10-28 11:23:26",1.0
690,"2019-10-28 11:23:50",300200,"iPhone 7 Plus",13.1.2,INFORMATION_NOT_VERIFIED_TITLE,NULL,NULL,NULL,"2019-10-28 11:23:50","2019-10-28 11:23:52",1.0.201910230000.2
691,"2019-10-28 11:24:07",300100,"iPhone XR",13.1.3,"Successful validation.",NULL,NULL,NULL,"2019-10-28 11:24:07","2019-10-28 11:24:09",1.0.201910230000.2
692,"2019-10-28 11:24:42",400100,"moto g(7) power",28,"Documents successfully submitted.",5d315339-f946-4c8b-934b-4d1cbe391562,"submission - images size 2534496","submission - images received 1","2019-10-28 11:24:42","2019-10-28 11:24:42",1.0
693,"2019-10-28 11:25:19",400100,"iPhone 6 Plus",12.4.2,"Documents successfully submitted.",25fc4d9f-268f-4dbd-9915-7ae246d391d2,"submission - images size 6615248","submission - images received 5","2019-10-28 11:25:19","2019-10-28 11:25:20",1.0.201910230000.2
694,"2019-10-28 11:25:58",400100,"moto g(7) power",28,"Documents successfully submitted.",4ae79e6a-f015-4069-a9db-3a328ff991ee,"submission - images size 2398208","submission - images received 1","2019-10-28 11:25:58","2019-10-28 11:25:59",1.0
695,"2019-10-28 11:27:38",400100,"moto g(7) power",28,"Documents successfully submitted.",754851bb-cbc4-466a-accd-9d4053881597,"submission - images size 2222288","submission - images received 1","2019-10-28 11:27:38","2019-10-28 11:27:39",1.0
696,"2019-10-28 11:27:49",300200,SM-A205U,28,INFORMATION_NOT_VERIFIED_TITLE,NULL,NULL,NULL,"2019-10-28 11:27:49","2019-10-28 11:27:51",1.0
701,"2019-10-28 11:28:45",300200,SM-A205U,28,INFORMATION_NOT_VERIFIED_TITLE,NULL,NULL,NULL,"2019-10-28 11:28:45","2019-10-28 11:28:45",1.0
702,"2019-10-28 11:29:37",300200,SM-G960U,28,INFORMATION_NOT_VERIFIED_TITLE,NULL,NULL,NULL,"2019-10-28 11:29:37","2019-10-28 11:29:41",1.0
703,"2019-10-28 11:29:43",300100,"iPhone 8",13.1.3,"Successful validation.",NULL,NULL,NULL,"2019-10-28 11:29:43","2019-10-28 11:29:46",1.0.201910230000.2
709,"2019-10-28 11:30:47",300100,SM-G960U,28,"Successful validation.",NULL,NULL,NULL,"2019-10-28 11:30:47","2019-10-28 11:30:50",1.0
710,"2019-10-28 11:30:52",300100,"moto g(7) power",28,"Successful validation.",NULL,NULL,NULL,"2019-10-28 11:30:52","2019-10-28 11:30:52",1.0
713,"2019-10-28 11:31:21",400100,"iPhone 6 Plus",12.4.2,"Documents successfully submitted.",5d4f9e63-2482-41c1-a82b-31b4e3a80030,"submission - images size 1242592","submission - images received 1","2019-10-28 11:31:21","2019-10-28 11:31:22",1.0.201910230000.2
714,"2019-10-28 11:31:39",400100,"iPhone 7",13.1.3,"Documents successfully submitted.",d0e69e62-c752-4c21-a614-b9bb1ca27f69,"submission - images size 3626720","submission - images received 2","2019-10-28 11:31:39","2019-10-28 11:31:41",1.0.201910230000.2
719,"2019-10-28 11:35:00",300100,VS500PP,23,"Successful validation.",NULL,NULL,NULL,"2019-10-28 11:35:00","2019-10-28 11:35:02",1.0
722,"2019-10-28 11:35:42",400100,SM-G960U,28,"Documents successfully submitted.",d7ab0a18-99c8-415e-a63d-54082360df1e,"submission - images size 1696592","submission - images received 1","2019-10-28 11:35:42","2019-10-28 11:35:44",1.0
723,"2019-10-28 11:36:00",300100,SM-N960U,28,"Successful validation.",NULL,NULL,NULL,"2019-10-28 11:36:00","2019-10-28 11:36:05",1.0
726,"2019-10-28 11:36:52",400100,"iPhone 8",13.1.3,"Documents successfully submitted.",1c525a55-7439-455c-8d7b-a612ac1c6af2,"submission - images size 740960","submission - images received 1","2019-10-28 11:36:52","2019-10-28 11:36:53",1.0.201910230000.2
727,"2019-10-28 11:37:02",300100,"REVVL 2",27,"Successful validation.",NULL,NULL,NULL,"2019-10-28 11:37:02","2019-10-28 11:37:05",1.0
728,"2019-10-28 11:37:34",400100,SM-G960U,28,"Documents successfully submitted.",442d64a6-e6d6-466d-8007-cabfc878e54e,"submission - images size 1760656","submission - images received 1","2019-10-28 11:37:34","2019-10-28 11:37:34",1.0
729,"2019-10-28 11:37:57",400100,"iPhone 8",13.1.3,"Documents successfully submitted.",de7d1fb6-c6aa-4ee5-b82b-8d9c4a1ceb45,"submission - images size 1485456","submission - images received 1","2019-10-28 11:37:57","2019-10-28 11:37:57",1.0.201910230000.2
730,"2019-10-28 11:38:57",300200,"iPhone 7 Plus",12.4.1,INFORMATION_NOT_VERIFIED_TITLE,NULL,NULL,NULL,"2019-10-28 11:38:57","2019-10-28 11:39:05",1.0.201910230000.2
731,"2019-10-28 11:39:14",300100,"iPhone XR",13.1.3,"Successful validation.",NULL,NULL,NULL,"2019-10-28 11:39:14","2019-10-28 11:39:20",1.0.201910230000.2
732,"2019-10-28 11:40:10",300100,"iPhone 7 Plus",12.4.1,"Successful validation.",NULL,NULL,NULL,"2019-10-28 11:40:10","2019-10-28 11:40:10",1.0.201910230000.2
733,"2019-10-28 11:40:29",300200,"iPhone 8",13.1.3,INFORMATION_NOT_VERIFIED_TITLE,NULL,NULL,NULL,"2019-10-28 11:40:29","2019-10-28 11:40:34",1.0.201910230000.2
734,"2019-10-28 11:40:29",400100,"iPhone XR",13.1.3,"Documents successfully submitted.",8b13cd89-a5d6-4394-a5c4-d6e573810e9b,"submission - images size 5462880","submission - images received 4","2019-10-28 11:40:29","2019-10-28 11:40:33",1.0.201910230000.2
737,"2019-10-28 11:41:10",400100,SM-N960U,28,"Documents successfully submitted.",84caa444-c615-44e1-aae8-dbbdcc58184d,"submission - images size 6432144","submission - images received 2","2019-10-28 11:41:10","2019-10-28 11:41:11",1.0
738,"2019-10-28 11:43:02",400100,"iPhone XR",13.1.3,"Documents successfully submitted.",88298239-1d97-40c6-b659-7eaa29c45a8b,"submission - images size 7461280","submission - images received 4","2019-10-28 11:43:02","2019-10-28 11:43:03",1.0.201910230000.2
739,"2019-10-28 11:43:17",400100,"iPhone 7 Plus",12.4.1,"Documents successfully submitted.",dcf70e8e-8078-4d7a-8e62-fdece9dbb9f3,"submission - images size 3166240","submission - images received 2","2019-10-28 11:43:17","2019-10-28 11:43:18",1.0.201910230000.2
740,"2019-10-28 11:43:18",300100,"iPhone 7 Plus",13.1.3,"Successful validation.",NULL,NULL,NULL,"2019-10-28 11:43:18","2019-10-28 11:43:21",1.0.201910230000.2
741,"2019-10-28 11:43:31",300200,"iPhone 8",13.1.3,INFORMATION_NOT_VERIFIED_TITLE,NULL,NULL,NULL,"2019-10-28 11:43:31","2019-10-28 11:43:34",1.0.201910230000.2
751,"2019-10-28 11:44:33",300200,Pixel,28,INFORMATION_NOT_VERIFIED_TITLE,NULL,NULL,NULL,"2019-10-28 11:44:33","2019-10-28 11:44:43",1.0
752,"2019-10-28 11:44:44",300100,"iPhone XR",13.1.3,"Successful validation.",NULL,NULL,NULL,"2019-10-28 11:44:44","2019-10-28 11:44:44",1.0.201910230000.2
753,"2019-10-28 11:44:56",300100,LM-Q720,28,"Successful validation.",NULL,NULL,NULL,"2019-10-28 11:44:56","2019-10-28 11:45:00",1.0
754,"2019-10-28 11:45:14",300200,Pixel,28,INFORMATION_NOT_VERIFIED_TITLE,NULL,NULL,NULL,"2019-10-28 11:45:14","2019-10-28 11:45:14",1.0
755,"2019-10-28 11:46:01",300100,Pixel,28,"Successful validation.",NULL,NULL,NULL,"2019-10-28 11:46:01","2019-10-28 11:46:01",1.0
756,"2019-10-28 11:46:09",300200,LM-V350,26,INFORMATION_NOT_VERIFIED_TITLE,NULL,NULL,NULL,"2019-10-28 11:46:09","2019-10-28 11:46:14",1.0
760,"2019-10-28 11:46:58",300100,"iPhone 8",13.1.3,"Successful validation.",NULL,NULL,NULL,"2019-10-28 11:46:58","2019-10-28 11:46:58",1.0.201910230000.2
762,"2019-10-28 11:47:49",300200,SM-G955U,28,INFORMATION_NOT_VERIFIED_TITLE,NULL,NULL,NULL,"2019-10-28 11:47:49","2019-10-28 11:48:25",1.0
763,"2019-10-28 11:47:54",400100,"iPhone 8",13.1.3,"Documents successfully submitted.",be7cd3f2-17e1-4b2b-bf67-da86b5845f6d,"submission - images size 1492560","submission - images received 1","2019-10-28 11:47:54","2019-10-28 11:47:54",1.0.201910230000.2
764,"2019-10-28 11:48:03",400100,"iPhone 7 Plus",13.1.3,"Documents successfully submitted.",5e3d1b66-94ce-4db4-a0df-2ab9b02f1b7d,"submission - images size 4031504","submission - images received 2","2019-10-28 11:48:03","2019-10-28 11:48:04",1.0.201910230000.2
765,"2019-10-28 11:48:14",400100,"iPhone 8",13.1.3,"Documents successfully submitted.",8737487f-78b2-4257-a5bc-e665103e08b7,"submission - images size 653184","submission - images received 1","2019-10-28 11:48:14","2019-10-28 11:48:15",1.0.201910230000.2
766,"2019-10-28 11:48:25",400100,LM-Q720,28,"Documents successfully submitted.",f41611df-c5ab-43a9-9e1c-0aa547eff636,"submission - images size 6776528","submission - images received 2","2019-10-28 11:48:25","2019-10-28 11:48:27",1.0
767,"2019-10-28 11:49:13",300100,6062W,27,"Successful validation.",NULL,NULL,NULL,"2019-10-28 11:49:13","2019-10-28 11:49:16",1.0
768,"2019-10-28 11:49:14",300100,SM-G955U,28,"Successful validation.",NULL,NULL,NULL,"2019-10-28 11:49:14","2019-10-28 11:49:14",1.0
769,"2019-10-28 11:49:35",300100,"iPhone 7 Plus",13.1.3,"Successful validation.",NULL,NULL,NULL,"2019-10-28 11:49:35","2019-10-28 11:49:35",1.0.201910230000.2
772,"2019-10-28 11:50:13",400100,"iPhone 7 Plus",13.1.3,"Documents successfully submitted.",cbe03cf7-4291-444e-8a06-25dc4f7af816,"submission - images size 4725232","submission - images received 2","2019-10-28 11:50:13","2019-10-28 11:50:14",1.0.201910230000.2
773,"2019-10-28 11:51:28",400100,6062W,27,"Documents successfully submitted.",665c752e-7228-40c9-bf8a-2f1718b0033f,"submission - images size 137232","submission - images received 1","2019-10-28 11:51:28","2019-10-28 11:51:29",1.0
774,"2019-10-28 11:52:18",300100,VS500PP,23,"Successful validation.",NULL,NULL,NULL,"2019-10-28 11:52:18","2019-10-28 11:52:18",1.0
775,"2019-10-28 11:52:33",400100,SM-G955U,28,"Documents successfully submitted.",fbc18d8d-4da6-41d2-b9d7-cb6609f670b8,"submission - images size 4286000","submission - images received 1","2019-10-28 11:52:33","2019-10-28 11:52:34",1.0
776,"2019-10-28 11:53:56",300100,SM-G960U,28,"Successful validation.",NULL,NULL,NULL,"2019-10-28 11:53:56","2019-10-28 11:53:56",1.0
780,"2019-10-28 11:55:20",300100,VS500PP,23,"Successful validation.",NULL,NULL,NULL,"2019-10-28 11:55:20","2019-10-28 11:55:20",1.0
787,"2019-10-28 11:57:02",400100,SM-G960U,28,"Documents successfully submitted.",f081eb81-b82b-4d28-bd7f-8f7f925d0279,"submission - images size 3371264","submission - images received 2","2019-10-28 11:57:02","2019-10-28 11:57:03",1.0
788,"2019-10-28 11:58:00",300100,"iPhone 7",13.1.3,"Successful validation.",NULL,NULL,NULL,"2019-10-28 11:58:00","2019-10-28 11:58:03",1.0.201910230000.2
793,"2019-10-28 11:58:40",300200,"iPhone XR",13.1.2,INFORMATION_NOT_VERIFIED_TITLE,NULL,NULL,NULL,"2019-10-28 11:58:40","2019-10-28 12:03:27",1.0.201910230000.2
794,"2019-10-28 11:58:40",300200,SM-G960U,28,INFORMATION_NOT_VERIFIED_TITLE,NULL,NULL,NULL,"2019-10-28 11:58:40","2019-10-28 11:58:42",1.0
799,"2019-10-28 11:59:43",300100,"iPhone XR",13.1.2,"Successful validation.",NULL,NULL,NULL,"2019-10-28 11:59:43","2019-10-28 11:59:43",1.0.201910230000.2
801,"2019-10-28 11:59:52",300100,"iPhone 7 Plus",13.1.3,"Successful validation.",NULL,NULL,NULL,"2019-10-28 11:59:52","2019-10-28 11:59:56",1.0.201910230000.2
805,"2019-10-28 12:00:05",400100,"iPhone 7",13.1.3,"Documents successfully submitted.",e3e05257-1840-4fac-b098-0bee9da089d3,"submission - images size 1849184","submission - images received 1","2019-10-28 12:00:05","2019-10-28 12:00:06",1.0.201910230000.2
806,"2019-10-28 12:00:20",300100,SM-G960U,28,"Successful validation.",NULL,NULL,NULL,"2019-10-28 12:00:20","2019-10-28 12:00:21",1.0
807,"2019-10-28 12:00:27",300200,SM-N950U,28,INFORMATION_NOT_VERIFIED_TITLE,NULL,NULL,NULL,"2019-10-28 12:00:27","2019-10-28 12:00:31",1.0
808,"2019-10-28 12:01:02",300100,"iPhone XR",13.1.2,"Successful validation.",NULL,NULL,NULL,"2019-10-28 12:01:02","2019-10-28 12:01:08",1.0.201910230000.2
809,"2019-10-28 12:03:12",400100,"iPhone 7 Plus",13.1.3,"Documents successfully submitted.",da9e73ad-0542-464b-b4d6-8815d922f067,"submission - images size 787152","submission - images received 1","2019-10-28 12:03:12","2019-10-28 12:03:13",1.0.201910230000.2
810,"2019-10-28 12:05:08",300100,SM-N950U,28,"Successful validation.",NULL,NULL,NULL,"2019-10-28 12:05:08","2019-10-28 12:05:09",1.0
818,"2019-10-28 12:07:23",300200,SM-G930U,26,INFORMATION_NOT_VERIFIED_TITLE,NULL,NULL,NULL,"2019-10-28 12:07:23","2019-10-28 12:07:25",1.0
819,"2019-10-28 12:07:52",300100,SM-G930T,26,"Successful validation.",NULL,NULL,NULL,"2019-10-28 12:07:52","2019-10-28 12:07:56",1.0
820,"2019-10-28 12:08:05",300200,SM-G930U,26,INFORMATION_NOT_VERIFIED_TITLE,NULL,NULL,NULL,"2019-10-28 12:08:05","2019-10-28 12:08:07",1.0
822,"2019-10-28 12:08:54",300200,SM-G930U,26,INFORMATION_NOT_VERIFIED_TITLE,NULL,NULL,NULL,"2019-10-28 12:08:54","2019-10-28 12:08:54",1.0
835,"2019-10-28 12:11:22",300200,SM-G930U,26,INFORMATION_NOT_VERIFIED_TITLE,NULL,NULL,NULL,"2019-10-28 12:11:22","2019-10-28 12:11:23",1.0
836,"2019-10-28 12:11:33",300100,Pixel,28,"Successful validation.",NULL,NULL,NULL,"2019-10-28 12:11:33","2019-10-28 12:11:33",1.0
837,"2019-10-28 12:12:40",400100,Pixel,28,"Documents successfully submitted.",f1bc4057-c436-43f8-ab73-881fcd8422d9,"submission - images size 3291152","submission - images received 1","2019-10-28 12:12:40","2019-10-28 12:12:41",1.0
840,"2019-10-28 12:13:50",300100,"iPhone 8 Plus",12.4,"Successful validation.",NULL,NULL,NULL,"2019-10-28 12:13:50","2019-10-28 12:13:53",1.0.201910230000.2
841,"2019-10-28 12:13:54",300100,"iPhone12,3",13.1.3,"Successful validation.",NULL,NULL,NULL,"2019-10-28 12:13:54","2019-10-28 12:13:58",1.0.201910230000.2
846,"2019-10-28 12:15:18",400100,"iPhone12,3",13.1.3,"Documents successfully submitted.",7561af55-041b-414d-a5bc-f5b7c463ae3e,"submission - images size 6286480","submission - images received 2","2019-10-28 12:15:18","2019-10-28 12:15:20",1.0.201910230000.2
847,"2019-10-28 12:15:52",300100,"Pixel 3",29,"Successful validation.",NULL,NULL,NULL,"2019-10-28 12:15:52","2019-10-28 12:15:55",1.0
848,"2019-10-28 12:16:48",300200,"iPhone 8",13.1.3,INFORMATION_NOT_VERIFIED_TITLE,NULL,NULL,NULL,"2019-10-28 12:16:48","2019-10-28 12:16:50",1.0.201910230000.2
849,"2019-10-28 12:18:22",300100,"iPhone 8",13.1.3,"Successful validation.",NULL,NULL,NULL,"2019-10-28 12:18:22","2019-10-28 12:18:22",1.0.201910230000.2
854,"2019-10-28 12:20:08",400100,"iPhone 8",13.1.3,"Documents successfully submitted.",f0acafe4-8aab-4b66-a05a-5dbdd242c24a,"submission - images size 3035632","submission - images received 2","2019-10-28 12:20:08","2019-10-28 12:20:09",1.0.201910230000.2
855,"2019-10-28 12:20:54",300100,"iPhone 8 Plus",12.4,"Successful validation.",NULL,NULL,NULL,"2019-10-28 12:20:54","2019-10-28 12:20:55",1.0.201910230000.2
858,"2019-10-28 12:22:37",400100,"iPhone 8 Plus",12.4,"Documents successfully submitted.",d4311d0a-3ff7-4c94-97c3-1aab4b9d2b38,"submission - images size 2671584","submission - images received 2","2019-10-28 12:22:37","2019-10-28 12:22:38",1.0.201910230000.2
859,"2019-10-28 12:23:57",300100,"iPhone12,3",13.1.3,"Successful validation.",NULL,NULL,NULL,"2019-10-28 12:23:57","2019-10-28 12:24:01",1.0.201910230000.2
860,"2019-10-28 12:24:49",400100,"iPhone 8 Plus",12.4,"Documents successfully submitted.",e0de7d0c-23d1-4abf-9fd7-bfcc23e96f6c,"submission - images size 3247648","submission - images received 2","2019-10-28 12:24:49","2019-10-28 12:24:49",1.0.201910230000.2
867,"2019-10-28 12:27:01",300100,"iPhone XR",13.1.3,"Successful validation.",NULL,NULL,NULL,"2019-10-28 12:27:01","2019-10-28 12:27:05",1.0.201910230000.2
872,"2019-10-28 12:28:54",300100,"moto g(7)",28,"Successful validation.",NULL,NULL,NULL,"2019-10-28 12:28:54","2019-10-28 12:28:57",1.0
877,"2019-10-28 12:30:25",300200,"iPhone 8 Plus",13.1.3,INFORMATION_NOT_VERIFIED_TITLE,NULL,NULL,NULL,"2019-10-28 12:30:25","2019-10-28 12:30:28",1.0.201910230000.2
878,"2019-10-28 12:31:24",300100,SM-G960U,28,"Successful validation.",NULL,NULL,NULL,"2019-10-28 12:31:24","2019-10-28 12:31:27",1.0
879,"2019-10-28 12:31:30",300200,"iPhone 8 Plus",13.1.3,INFORMATION_NOT_VERIFIED_TITLE,NULL,NULL,NULL,"2019-10-28 12:31:30","2019-10-28 12:33:39",1.0.201910230000.2
884,"2019-10-28 12:32:06",300100,"moto g(7)",28,"Successful validation.",NULL,NULL,NULL,"2019-10-28 12:32:06","2019-10-28 12:32:06",1.0
891,"2019-10-28 12:33:59",300100,"iPhone XS Max",13.1.3,"Successful validation.",NULL,NULL,NULL,"2019-10-28 12:33:59","2019-10-28 12:34:02",1.0.201910230000.2
894,"2019-10-28 12:34:01",400100,SM-G960U,28,"Documents successfully submitted.",3b8354de-316f-4b52-a45d-8023c099a5f0,"submission - images size 3968208","submission - images received 2","2019-10-28 12:34:01","2019-10-28 12:34:02",1.0
900,"2019-10-28 12:35:59",300200,"iPhone 8 Plus",13.1.3,INFORMATION_NOT_VERIFIED_TITLE,NULL,NULL,NULL,"2019-10-28 12:35:59","2019-10-28 12:35:59",1.0.201910230000.2
905,"2019-10-28 12:36:41",300200,"iPhone 8 Plus",13.1.3,INFORMATION_NOT_VERIFIED_TITLE,NULL,NULL,NULL,"2019-10-28 12:36:41","2019-10-28 12:36:41",1.0.201910230000.2
910,"2019-10-28 12:38:01",300200,"iPhone 8 Plus",13.1.3,INFORMATION_NOT_VERIFIED_TITLE,NULL,NULL,NULL,"2019-10-28 12:38:01","2019-10-28 12:38:01",1.0.201910230000.2
911,"2019-10-28 12:39:46",300200,"iPhone 8 Plus",13.1.3,INFORMATION_NOT_VERIFIED_TITLE,NULL,NULL,NULL,"2019-10-28 12:39:46","2019-10-28 12:39:46",1.0.201910230000.2
918,"2019-10-28 12:43:08",300100,SM-G960U,28,"Successful validation.",NULL,NULL,NULL,"2019-10-28 12:43:08","2019-10-28 12:43:09",1.0
921,"2019-10-28 12:44:19",300200,"iPhone 7 Plus",12.4.1,INFORMATION_NOT_VERIFIED_TITLE,NULL,NULL,NULL,"2019-10-28 12:44:19","2019-10-28 12:44:22",1.0.201910230000.2
922,"2019-10-28 12:45:10",300100,"iPhone XS",13.1.3,"Successful validation.",NULL,NULL,NULL,"2019-10-28 12:45:10","2019-10-28 12:45:13",1.0.201910230000.2
923,"2019-10-28 12:45:14",400100,SM-G960U,28,"Documents successfully submitted.",20e24206-82be-4e5f-a0d3-f2ea61b18653,"submission - images size 4178992","submission - images received 2","2019-10-28 12:45:14","2019-10-28 12:45:15",1.0
924,"2019-10-28 12:45:19",300200,"iPhone 7 Plus",12.4.1,INFORMATION_NOT_VERIFIED_TITLE,NULL,NULL,NULL,"2019-10-28 12:45:19","2019-10-28 12:45:19",1.0.201910230000.2
925,"2019-10-28 12:45:37",300200,VS988,28,INFORMATION_NOT_VERIFIED_TITLE,NULL,NULL,NULL,"2019-10-28 12:45:37","2019-10-28 12:45:41",1.0
926,"2019-10-28 12:45:57",300200,SM-S767VL,28,INFORMATION_NOT_VERIFIED_TITLE,NULL,NULL,NULL,"2019-10-28 12:45:57","2019-10-28 12:46:01",1.0
927,"2019-10-28 12:46:39",300200,"iPhone 8 Plus",13.1.3,INFORMATION_NOT_VERIFIED_TITLE,NULL,NULL,NULL,"2019-10-28 12:46:39","2019-10-28 12:46:44",1.0.201910230000.2
932,"2019-10-28 12:47:58",300200,"iPhone 7 Plus",12.4.1,INFORMATION_NOT_VERIFIED_TITLE,NULL,NULL,NULL,"2019-10-28 12:47:58","2019-10-28 12:47:58",1.0.201910230000.2
933,"2019-10-28 12:49:02",300200,"REVVLPLUS C3701A",25,INFORMATION_NOT_VERIFIED_TITLE,NULL,NULL,NULL,"2019-10-28 12:49:02","2019-10-28 12:49:05",1.0
938,"2019-10-28 12:51:10",300200,"REVVLPLUS C3701A",25,INFORMATION_NOT_VERIFIED_TITLE,NULL,NULL,NULL,"2019-10-28 12:51:10","2019-10-28 12:51:10",1.0
941,"2019-10-28 12:51:30",300100,"iPhone 8 Plus",13.1.3,"Successful validation.",NULL,NULL,NULL,"2019-10-28 12:51:30","2019-10-28 12:51:31",1.0.201910230000.2
944,"2019-10-28 12:53:13",300200,"REVVLPLUS C3701A",25,INFORMATION_NOT_VERIFIED_TITLE,NULL,NULL,NULL,"2019-10-28 12:53:13","2019-10-28 12:53:14",1.0
949,"2019-10-28 12:54:56",300100,"moto g(7)",28,"Successful validation.",NULL,NULL,NULL,"2019-10-28 12:54:56","2019-10-28 12:54:56",1.0
950,"2019-10-28 12:55:00",300200,"iPhone 8",12.4.1,INFORMATION_NOT_VERIFIED_TITLE,NULL,NULL,NULL,"2019-10-28 12:55:00","2019-10-28 12:55:02",1.0.201910230000.2
951,"2019-10-28 12:55:07",400205,"iPhone 8 Plus",13.1.3,"Invalid image content",dfa8d938-1d88-410d-bcd0-548bfcb06e35,"submission - images size 10335120","submission - images received 8","2019-10-28 12:55:07","2019-10-28 12:55:08",1.0.201910230000.2
952,"2019-10-28 12:55:35",400205,"iPhone 8 Plus",13.1.3,"Invalid image content",efc75b5b-5083-45fa-8897-ce560e2473f0,"submission - images size 10335120","submission - images received 8","2019-10-28 12:55:35","2019-10-28 12:55:35",1.0.201910230000.2
955,"2019-10-28 12:55:52",300200,"iPhone 8",12.4.1,INFORMATION_NOT_VERIFIED_TITLE,NULL,NULL,NULL,"2019-10-28 12:55:52","2019-10-28 12:55:52",1.0.201910230000.2
956,"2019-10-28 12:55:59",300100,SM-J737T1,26,"Successful validation.",NULL,NULL,NULL,"2019-10-28 12:55:59","2019-10-28 12:56:02",1.0
957,"2019-10-28 12:56:31",400205,"iPhone 8 Plus",13.1.3,"Invalid image content",19104ffa-fa87-4031-b6c4-ef0f164c20fe,"submission - images size 10335120","submission - images received 8","2019-10-28 12:56:31","2019-10-28 12:56:32",1.0.201910230000.2
958,"2019-10-28 12:57:00",400205,"iPhone 8 Plus",13.1.3,"Invalid image content",163f3046-320d-4c3a-9bd9-bc6d97f0994c,"submission - images size 10335120","submission - images received 8","2019-10-28 12:57:00","2019-10-28 12:57:01",1.0.201910230000.2
959,"2019-10-28 12:57:34",400205,"iPhone 8 Plus",13.1.3,"Invalid image content",78896bda-aa7e-4359-922f-514f4406d813,"submission - images size 10335120","submission - images received 8","2019-10-28 12:57:34","2019-10-28 12:57:35",1.0.201910230000.2
960,"2019-10-28 12:57:59",400205,"iPhone 8 Plus",13.1.3,"Invalid image content",148f57db-6fa8-4d86-a4ef-a3f114e5242c,"submission - images size 10335120","submission - images received 8","2019-10-28 12:57:59","2019-10-28 12:57:59",1.0.201910230000.2
961,"2019-10-28 12:58:46",400205,"iPhone 8 Plus",13.1.3,"Invalid image content",5d0c6b99-9fdf-4608-9d19-90b0fb77d375,"submission - images size 10335120","submission - images received 8","2019-10-28 12:58:46","2019-10-28 12:58:47",1.0.201910230000.2
962,"2019-10-28 12:59:26",400205,"iPhone 8 Plus",13.1.3,"Invalid image content",bf2390cb-3bae-4424-81f4-6170531bce86,"submission - images size 10335120","submission - images received 8","2019-10-28 12:59:26","2019-10-28 12:59:27",1.0.201910230000.2
963,"2019-10-28 12:59:58",400205,"iPhone 8 Plus",13.1.3,"Invalid image content",3c1d883f-c978-4e0b-9cd7-1f15701076b3,"submission - images size 10335120","submission - images received 8","2019-10-28 12:59:58","2019-10-28 12:59:58",1.0.201910230000.2
964,"2019-10-28 13:01:10",300200,"iPhone 8",12.4.1,INFORMATION_NOT_VERIFIED_TITLE,NULL,NULL,NULL,"2019-10-28 13:01:10","2019-10-28 13:01:10",1.0.201910230000.2
969,"2019-10-28 13:02:55",300100,"iPhone 8",13.1.3,"Successful validation.",NULL,NULL,NULL,"2019-10-28 13:02:55","2019-10-28 13:02:58",1.0.201910230000.2
972,"2019-10-28 13:03:53",300200,"REVVLPLUS C3701A",25,INFORMATION_NOT_VERIFIED_TITLE,NULL,NULL,NULL,"2019-10-28 13:03:53","2019-10-28 13:03:54",1.0
977,"2019-10-28 13:05:22",400100,"iPhone 8",13.1.3,"Documents successfully submitted.",96ecc741-ed68-4c1b-a124-df88d3e16956,"submission - images size 1861600","submission - images received 1","2019-10-28 13:05:22","2019-10-28 13:05:23",1.0.201910230000.2
978,"2019-10-28 13:05:38",300100,"REVVLPLUS C3701A",25,"Successful validation.",NULL,NULL,NULL,"2019-10-28 13:05:38","2019-10-28 13:05:40",1.0
989,"2019-10-28 13:08:34",400100,"iPhone 8",13.1.3,"Documents successfully submitted.",b7da7160-9ef5-4322-af52-54df76ceda51,"submission - images size 1898592","submission - images received 1","2019-10-28 13:08:34","2019-10-28 13:08:35",1.0.201910230000.2
994,"2019-10-28 13:11:19",300100,"iPhone 8 Plus",13.1.2,"Successful validation.",NULL,NULL,NULL,"2019-10-28 13:11:19","2019-10-28 13:11:23",1.0.201910230000.2
995,"2019-10-28 13:11:22",400100,"REVVLPLUS C3701A",25,"Documents successfully submitted.",14ed5a42-72e6-448c-9bd8-3ad9465974e4,"submission - images size 2871184","submission - images received 1","2019-10-28 13:11:22","2019-10-28 13:11:23",1.0
996,"2019-10-28 13:11:28",400100,"iPhone 8",13.1.3,"Documents successfully submitted.",63bdb1cd-6adc-44d4-b315-0215a5896b08,"submission - images size 1936608","submission - images received 1","2019-10-28 13:11:28","2019-10-28 13:11:29",1.0.201910230000.2
999,"2019-10-28 13:12:30",400100,"iPhone 8",13.1.3,"Documents successfully submitted.",9bdf299b-2a85-49ad-8ffc-dcff28e90d32,"submission - images size 1677680","submission - images received 1","2019-10-28 13:12:30","2019-10-28 13:12:31",1.0.201910230000.2
1000,"2019-10-28 13:13:48",300100,"iPhone XS",13.1.3,"Successful validation.",NULL,NULL,NULL,"2019-10-28 13:13:48","2019-10-28 13:13:53",1.0.201910230000.2
1001,"2019-10-28 13:13:53",300100,"iPhone 8",13.1.3,"Successful validation.",NULL,NULL,NULL,"2019-10-28 13:13:53","2019-10-28 13:13:53",1.0.201910230000.2
1002,"2019-10-28 13:14:03",300100,SM-G935V,26,"Successful validation.",NULL,NULL,NULL,"2019-10-28 13:14:03","2019-10-28 13:14:05",1.0
1007,"2019-10-28 13:14:43",300200,"Moto G (5) Plus",24,INFORMATION_NOT_VERIFIED_TITLE,NULL,NULL,NULL,"2019-10-28 13:14:43","2019-10-28 13:15:14",1.0
1008,"2019-10-28 13:15:10",400100,"iPhone 8 Plus",13.1.3,"Documents successfully submitted.",0f580742-b1fb-42ea-9d9d-089aabcc36a3,"submission - images size 1485920","submission - images received 1","2019-10-28 13:15:10","2019-10-28 13:15:13",1.0.201910230000.2
1009,"2019-10-28 13:15:34",300100,"iPhone XR",13.1.3,"Successful validation.",NULL,NULL,NULL,"2019-10-28 13:15:34","2019-10-28 13:15:40",1.0.201910230000.2
1012,"2019-10-28 13:15:57",400100,"iPhone 8 Plus",13.1.3,"Documents successfully submitted.",959d5069-b94e-4b5c-a9ad-b57ed43aa814,"submission - images size 1544048","submission - images received 1","2019-10-28 13:15:57","2019-10-28 13:15:58",1.0.201910230000.2
1013,"2019-10-28 13:16:20",400100,"iPhone 8 Plus",13.1.3,"Documents successfully submitted.",82dd4a49-5389-41ee-9115-6cb284dbfce5,"submission - images size 1440368","submission - images received 1","2019-10-28 13:16:20","2019-10-28 13:16:20",1.0.201910230000.2
1014,"2019-10-28 13:16:39",400100,"iPhone XR",13.1.3,"Documents successfully submitted.",bae06687-3442-44ad-903d-de1b3961ed88,"submission - images size 874784","submission - images received 1","2019-10-28 13:16:39","2019-10-28 13:16:39",1.0.201910230000.2
1015,"2019-10-28 13:16:49",400100,"iPhone 8 Plus",13.1.3,"Documents successfully submitted.",90cebce4-1598-4eb3-8eb8-edfe776337ca,"submission - images size 1641072","submission - images received 1","2019-10-28 13:16:49","2019-10-28 13:16:50",1.0.201910230000.2
1018,"2019-10-28 13:17:12",400100,"iPhone 8 Plus",13.1.3,"Documents successfully submitted.",e347bed2-5211-4561-ad4a-df1b6d784833,"submission - images size 1411072","submission - images received 1","2019-10-28 13:17:12","2019-10-28 13:17:12",1.0.201910230000.2
1019,"2019-10-28 13:17:15",300100,"iPhone XS Max",13.1.3,"Successful validation.",NULL,NULL,NULL,"2019-10-28 13:17:15","2019-10-28 13:17:18",1.0.201910230000.2
1020,"2019-10-28 13:17:18",400100,"iPhone XR",13.1.3,"Documents successfully submitted.",3b54f030-0457-44f0-97bb-fae482c15da0,"submission - images size 707088","submission - images received 1","2019-10-28 13:17:18","2019-10-28 13:17:19",1.0.201910230000.2
1021,"2019-10-28 13:17:32",400100,"iPhone 8 Plus",13.1.3,"Documents successfully submitted.",87223c31-7f7e-41f7-969c-f4362cbd874c,"submission - images size 1539472","submission - images received 1","2019-10-28 13:17:32","2019-10-28 13:17:33",1.0.201910230000.2
1022,"2019-10-28 13:17:50",400100,"iPhone 8 Plus",13.1.3,"Documents successfully submitted.",e7623cf5-a5d1-47f3-aad4-4b65df763bdc,"submission - images size 1522688","submission - images received 1","2019-10-28 13:17:50","2019-10-28 13:17:51",1.0.201910230000.2
1023,"2019-10-28 13:18:07",400100,"iPhone 8 Plus",13.1.3,"Documents successfully submitted.",2a7dbabc-f654-483c-a3ba-1d24c7ca1748,"submission - images size 1552144","submission - images received 1","2019-10-28 13:18:07","2019-10-28 13:18:07",1.0.201910230000.2
1024,"2019-10-28 13:18:12",300100,"iPhone XR",13.1.3,"Successful validation.",NULL,NULL,NULL,"2019-10-28 13:18:12","2019-10-28 13:18:12",1.0.201910230000.2
1025,"2019-10-28 13:18:56",400100,"iPhone XS",13.1.3,"Documents successfully submitted.",121080a1-3aff-4dca-90ee-2b402270bd73,"submission - images size 5565488","submission - images received 2","2019-10-28 13:18:56","2019-10-28 13:18:58",1.0.201910230000.2
1026,"2019-10-28 13:19:21",400100,"iPhone XR",13.1.3,"Documents successfully submitted.",965e5336-b8bc-4bec-a8d7-3bfb2b560836,"submission - images size 810240","submission - images received 1","2019-10-28 13:19:21","2019-10-28 13:19:22",1.0.201910230000.2
1029,"2019-10-28 13:19:42",400100,"iPhone 8 Plus",13.1.2,"Documents successfully submitted.",8e287ab8-4c79-43af-8a5b-96c7be06fe8d,"submission - images size 1638256","submission - images received 1","2019-10-28 13:19:42","2019-10-28 13:19:45",1.0.201910230000.2
1030,"2019-10-28 13:20:17",300100,"iPhone XS Max",13.1.2,"Successful validation.",NULL,NULL,NULL,"2019-10-28 13:20:17","2019-10-28 13:20:22",1.0.201910230000.2
1031,"2019-10-28 13:20:20",300100,"iPhone XR",13.1.3,"Successful validation.",NULL,NULL,NULL,"2019-10-28 13:20:20","2019-10-28 13:20:20",1.0.201910230000.2
1034,"2019-10-28 13:21:30",300200,"iPhone XS",12.2,INFORMATION_NOT_VERIFIED_TITLE,NULL,NULL,NULL,"2019-10-28 13:21:30","2019-10-28 13:21:33",1.0.201910230000.2
1045,"2019-10-28 13:27:06",300200,"iPhone XR",13.1.1,INFORMATION_NOT_VERIFIED_TITLE,NULL,NULL,NULL,"2019-10-28 13:27:06","2019-10-28 13:29:26",1.0.201910230000.2
1046,"2019-10-28 13:28:01",300100,"iPhone XR",12.4,"Successful validation.",NULL,NULL,NULL,"2019-10-28 13:28:01","2019-10-28 13:28:04",1.0.201910230000.2
1047,"2019-10-28 13:28:09",300100,LML212VL,27,"Successful validation.",NULL,NULL,NULL,"2019-10-28 13:28:09","2019-10-28 13:28:13",1.0
1048,"2019-10-28 13:28:19",300200,"iPhone XR",13.1.1,INFORMATION_NOT_VERIFIED_TITLE,NULL,NULL,NULL,"2019-10-28 13:28:19","2019-10-28 13:29:26",1.0.201910230000.2
1052,"2019-10-28 13:29:40",400100,"iPhone XS Max",13.1.2,"Documents successfully submitted.",2b010f89-4609-4a70-af00-27764d614fe4,"submission - images size 7029664","submission - images received 5","2019-10-28 13:29:40","2019-10-28 13:29:42",1.0.201910230000.2
1055,"2019-10-28 13:29:57",300200,"iPhone XR",13.1.1,INFORMATION_NOT_VERIFIED_TITLE,NULL,NULL,NULL,"2019-10-28 13:29:57","2019-10-28 13:30:03",1.0.201910230000.2
1058,"2019-10-28 13:30:46",400100,"iPhone XS Max",13.1.2,"Documents successfully submitted.",d8474fd4-64f7-4516-972a-6270482c3ce0,"submission - images size 3618304","submission - images received 2","2019-10-28 13:30:46","2019-10-28 13:30:47",1.0.201910230000.2
1059,"2019-10-28 13:31:13",300200,SM-N950U,26,INFORMATION_NOT_VERIFIED_TITLE,NULL,NULL,NULL,"2019-10-28 13:31:13","2019-10-28 13:31:15",1.0
1060,"2019-10-28 13:31:18",400100,"iPhone XS Max",13.1.2,"Documents successfully submitted.",14700ded-bdf7-40f7-a057-65bca2954f64,"submission - images size 2219568","submission - images received 1","2019-10-28 13:31:18","2019-10-28 13:31:18",1.0.201910230000.2
1061,"2019-10-28 13:31:44",300200,"iPhone XR",13.1.1,INFORMATION_NOT_VERIFIED_TITLE,NULL,NULL,NULL,"2019-10-28 13:31:44","2019-10-28 13:31:50",1.0.201910230000.2
1064,"2019-10-28 13:32:02",300200,SM-N950U,26,INFORMATION_NOT_VERIFIED_TITLE,NULL,NULL,NULL,"2019-10-28 13:32:02","2019-10-28 13:32:02",1.0
1065,"2019-10-28 13:32:17",400100,LML212VL,27,"Documents successfully submitted.",c2fa6617-462c-433a-a345-43fcb0c9e228,"submission - images size 2213568","submission - images received 1","2019-10-28 13:32:17","2019-10-28 13:32:18",1.0
1066,"2019-10-28 13:32:44",300200,"iPhone XR",13.1.1,INFORMATION_NOT_VERIFIED_TITLE,NULL,NULL,NULL,"2019-10-28 13:32:44","2019-10-28 13:32:49",1.0.201910230000.2
1067,"2019-10-28 13:32:44",300100,SM-G920P,24,"Successful validation.",NULL,NULL,NULL,"2019-10-28 13:32:44","2019-10-28 13:32:46",1.0
1070,"2019-10-28 13:32:51",300100,"iPhone12,5",13.1.3,"Successful validation.",NULL,NULL,NULL,"2019-10-28 13:32:51","2019-10-28 13:32:53",1.0.201910230000.2
1071,"2019-10-28 13:32:55",300100,SM-G950U,28,"Successful validation.",NULL,NULL,NULL,"2019-10-28 13:32:55","2019-10-28 13:32:57",1.0
1072,"2019-10-28 13:33:36",300100,"iPhone XS Max",13.1.2,"Successful validation.",NULL,NULL,NULL,"2019-10-28 13:33:36","2019-10-28 13:33:36",1.0.201910230000.2
1073,"2019-10-28 13:33:45",300100,"iPhone XR",12.4,"Successful validation.",NULL,NULL,NULL,"2019-10-28 13:33:45","2019-10-28 13:33:45",1.0.201910230000.2
1074,"2019-10-28 13:34:31",300200,SM-G930F,26,INFORMATION_NOT_VERIFIED_TITLE,NULL,NULL,NULL,"2019-10-28 13:34:31","2019-10-28 13:34:35",1.0
1083,"2019-10-28 13:37:23",300200,"iPhone 6s",13.1.3,INFORMATION_NOT_VERIFIED_TITLE,NULL,NULL,NULL,"2019-10-28 13:37:23","2019-10-28 13:37:47",1.0.201910230000.2
1084,"2019-10-28 13:38:27",300100,SM-G955U,28,"Successful validation.",NULL,NULL,NULL,"2019-10-28 13:38:27","2019-10-28 13:38:29",1.0
1085,"2019-10-28 13:39:28",400100,SM-G920P,24,"Documents successfully submitted.",6f781bf7-5c48-42b4-8e0f-0c09596fe157,"submission - images size 5077888","submission - images received 1","2019-10-28 13:39:28","2019-10-28 13:39:29",1.0
1086,"2019-10-28 13:39:47",400100,"iPhone12,5",13.1.3,"Documents successfully submitted.",00f1e1a6-e6e2-4a1e-a615-5114bfb4e43b,"submission - images size 3657888","submission - images received 1","2019-10-28 13:39:47","2019-10-28 13:39:47",1.0.201910230000.2
1091,"2019-10-28 13:41:35",300100,VS835,24,"Successful validation.",NULL,NULL,NULL,"2019-10-28 13:41:35","2019-10-28 13:41:37",1.0
1098,"2019-10-28 13:54:08",300100,"iPhone XS Max",13.1.3,"Successful validation.",NULL,NULL,NULL,"2019-10-28 13:54:08","2019-10-28 13:54:10",1.0.201910230000.2
1099,"2019-10-28 13:54:11",300100,SM-J337V,28,"Successful validation.",NULL,NULL,NULL,"2019-10-28 13:54:11","2019-10-28 13:54:13",1.0
1104,"2019-10-28 13:56:57",300100,"iPhone 8 Plus",13.0,"Successful validation.",NULL,NULL,NULL,"2019-10-28 13:56:57","2019-10-28 13:57:01",1.0.201910230000.2
1105,"2019-10-28 13:57:51",300200,"iPhone 7",13.1.3,INFORMATION_NOT_VERIFIED_TITLE,NULL,NULL,NULL,"2019-10-28 13:57:51","2019-10-28 13:57:56",1.0.201910230000.2
1108,"2019-10-28 13:58:52",300200,"iPhone 7",13.1.3,INFORMATION_NOT_VERIFIED_TITLE,NULL,NULL,NULL,"2019-10-28 13:58:52","2019-10-28 13:58:53",1.0.201910230000.2
1109,"2019-10-28 13:59:04",400100,SM-J337V,28,"Documents successfully submitted.",6310e711-4207-4717-af66-fccfbdb46942,"submission - images size 1670080","submission - images received 1","2019-10-28 13:59:04","2019-10-28 13:59:05",1.0
1110,"2019-10-28 13:59:41",300200,"iPhone 7",13.1.3,INFORMATION_NOT_VERIFIED_TITLE,NULL,NULL,NULL,"2019-10-28 13:59:41","2019-10-28 13:59:41",1.0.201910230000.2
1117,"2019-10-28 14:06:44",300200,SM-G920V,24,INFORMATION_NOT_VERIFIED_TITLE,NULL,NULL,NULL,"2019-10-28 14:06:44","2019-10-28 14:08:51",1.0
1118,"2019-10-28 14:07:34",300200,SM-G920V,24,INFORMATION_NOT_VERIFIED_TITLE,NULL,NULL,NULL,"2019-10-28 14:07:34","2019-10-28 14:08:51",1.0
1124,"2019-10-28 14:08:42",300200,SM-G920V,24,INFORMATION_NOT_VERIFIED_TITLE,NULL,NULL,NULL,"2019-10-28 14:08:42","2019-10-28 14:08:51",1.0
1125,"2019-10-28 14:09:40",300100,"iPhone SE",13.1.3,"Successful validation.",NULL,NULL,NULL,"2019-10-28 14:09:40","2019-10-28 14:09:42",1.0.201910230000.2
1129,"2019-10-28 14:10:38",300100,SM-G920V,24,"Successful validation.",NULL,NULL,NULL,"2019-10-28 14:10:38","2019-10-28 14:10:38",1.0
1130,"2019-10-28 14:10:54",400100,"iPhone SE",13.1.3,"Documents successfully submitted.",df131a69-232b-4bed-a0fe-363663bd55b8,"submission - images size 597920","submission - images received 1","2019-10-28 14:10:54","2019-10-28 14:10:55",1.0.201910230000.2
1133,"2019-10-28 14:12:12",400100,SM-G920V,24,"Documents successfully submitted.",689603df-f7bd-4b0f-a744-87c5fd0911da,"submission - images size 4608768","submission - images received 1","2019-10-28 14:12:12","2019-10-28 14:12:13",1.0
1142,"2019-10-28 14:13:05",300100,"iPhone XR",13.1.3,"Successful validation.",NULL,NULL,NULL,"2019-10-28 14:13:05","2019-10-28 14:13:09",1.0.201910230000.2
1144,"2019-10-28 14:13:30",400100,SM-G920V,24,"Documents successfully submitted.",3c6af504-c27d-4e80-992e-7eec47f6cf36,"submission - images size 4560448","submission - images received 1","2019-10-28 14:13:30","2019-10-28 14:13:31",1.0
1145,"2019-10-28 14:14:34",300100,"iPhone XS Max",13.1.3,"Successful validation.",NULL,NULL,NULL,"2019-10-28 14:14:34","2019-10-28 14:14:36",1.0.201910230000.2
1149,"2019-10-28 14:16:34",300100,"iPhone12,3",13.1.3,"Successful validation.",NULL,NULL,NULL,"2019-10-28 14:16:34","2019-10-28 14:16:38",1.0.201910230000.2
1150,"2019-10-28 14:16:40",300200,"iPhone XR",13.1.3,INFORMATION_NOT_VERIFIED_TITLE,NULL,NULL,NULL,"2019-10-28 14:16:40","2019-10-28 14:16:42",1.0.201910230000.2
1151,"2019-10-28 14:17:41",300100,SM-S767VL,28,"Successful validation.",NULL,NULL,NULL,"2019-10-28 14:17:41","2019-10-28 14:17:43",1.0
1152,"2019-10-28 14:18:16",300100,"iPhone SE",13.1.3,"Successful validation.",NULL,NULL,NULL,"2019-10-28 14:18:16","2019-10-28 14:18:18",1.0.201910230000.2
1156,"2019-10-28 14:20:03",300200,"iPhone XR",13.1.3,INFORMATION_NOT_VERIFIED_TITLE,NULL,NULL,NULL,"2019-10-28 14:20:03","2019-10-28 14:20:05",1.0.201910230000.2
1163,"2019-10-28 14:25:28",300100,"iPhone 8 Plus",13.1.3,"Successful validation.",NULL,NULL,NULL,"2019-10-28 14:25:28","2019-10-28 14:25:33",1.0.201910230000.2
1170,"2019-10-28 14:27:42",400100,"iPhone 8 Plus",13.1.3,"Documents successfully submitted.",fa48343d-9a93-4cb3-a84d-291062d4502b,"submission - images size 1151888","submission - images received 1","2019-10-28 14:27:42","2019-10-28 14:27:43",1.0.201910230000.2
1171,"2019-10-28 14:28:45",300100,"iPhone 8 Plus",13.1.3,"Successful validation.",NULL,NULL,NULL,"2019-10-28 14:28:45","2019-10-28 14:28:46",1.0.201910230000.2
1172,"2019-10-28 14:28:54",300200,SM-A505U,28,INFORMATION_NOT_VERIFIED_TITLE,NULL,NULL,NULL,"2019-10-28 14:28:54","2019-10-28 14:28:58",1.0
1173,"2019-10-28 14:29:54",300100,SM-A505U,28,"Successful validation.",NULL,NULL,NULL,"2019-10-28 14:29:54","2019-10-28 14:29:54",1.0
1174,"2019-10-28 14:32:01",400100,"iPhone 8 Plus",13.1.3,"Documents successfully submitted.",c2211dd7-7305-43c3-af81-fc49882368ec,"submission - images size 789712","submission - images received 1","2019-10-28 14:32:01","2019-10-28 14:32:02",1.0.201910230000.2
1177,"2019-10-28 14:33:39",300100,"iPhone12,5",13.0,"Successful validation.",NULL,NULL,NULL,"2019-10-28 14:33:39","2019-10-28 14:33:42",1.0.201910230000.2
1180,"2019-10-28 14:35:11",400100,"iPhone12,5",13.0,"Documents successfully submitted.",99003a4d-7a66-4b21-be78-573ef9984645,"submission - images size 1626384","submission - images received 2","2019-10-28 14:35:11","2019-10-28 14:35:11",1.0.201910230000.2
1181,"2019-10-28 14:35:42",300100,LGMP260,24,"Successful validation.",NULL,NULL,NULL,"2019-10-28 14:35:42","2019-10-28 14:35:47",1.0
1186,"2019-10-28 14:37:59",400100,LGMP260,24,"Documents successfully submitted.",ab5776a3-482e-4ee5-a3df-710b30a56c37,"submission - images size 3983440","submission - images received 2","2019-10-28 14:37:59","2019-10-28 14:38:00",1.0
1187,"2019-10-28 14:38:09",300100,"iPhone 8",13.1.3,"Successful validation.",NULL,NULL,NULL,"2019-10-28 14:38:09","2019-10-28 14:38:12",1.0.201910230000.2
1188,"2019-10-28 14:39:02",300100,SM-G975U,28,"Successful validation.",NULL,NULL,NULL,"2019-10-28 14:39:02","2019-10-28 14:39:06",1.0
1196,"2019-10-28 14:41:37",300100,LG-M430,24,"Successful validation.",NULL,NULL,NULL,"2019-10-28 14:41:37","2019-10-28 14:41:40",1.0
1197,"2019-10-28 14:42:15",300100,SM-A505U,28,"Successful validation.",NULL,NULL,NULL,"2019-10-28 14:42:15","2019-10-28 14:42:15",1.0
1202,"2019-10-28 14:44:21",300100,SM-A505U,28,"Successful validation.",NULL,NULL,NULL,"2019-10-28 14:44:21","2019-10-28 14:44:21",1.0
1203,"2019-10-28 14:44:30",400100,LG-M430,24,"Documents successfully submitted.",9966b251-06f0-48af-ab39-bd5cc0679d2e,"submission - images size 2506256","submission - images received 1","2019-10-28 14:44:30","2019-10-28 14:44:31",1.0
1204,"2019-10-28 14:45:17",300100,"iPhone XS Max",13.1.3,"Successful validation.",NULL,NULL,NULL,"2019-10-28 14:45:17","2019-10-28 14:45:19",1.0.201910230000.2
1207,"2019-10-28 14:50:01",300200,"iPhone X",13.1.3,INFORMATION_NOT_VERIFIED_TITLE,NULL,NULL,NULL,"2019-10-28 14:50:01","2019-10-28 14:50:06",1.0.201910230000.2
1208,"2019-10-28 14:50:53",300100,"iPhone X",13.1.3,"Successful validation.",NULL,NULL,NULL,"2019-10-28 14:50:53","2019-10-28 14:50:53",1.0.201910230000.2
1209,"2019-10-28 14:52:04",300100,"iPhone X",13.1.3,"Successful validation.",NULL,NULL,NULL,"2019-10-28 14:52:04","2019-10-28 14:52:04",1.0.201910230000.2
1212,"2019-10-28 14:53:05",300100,"iPhone XS Max",13.1.3,"Successful validation.",NULL,NULL,NULL,"2019-10-28 14:53:05","2019-10-28 14:53:09",1.0.201910230000.2
1221,"2019-10-28 14:57:07",300100,VS500PP,23,"Successful validation.",NULL,NULL,NULL,"2019-10-28 14:57:07","2019-10-28 14:57:09",1.0
1222,"2019-10-28 14:58:25",300100,SM-G975U,28,"Successful validation.",NULL,NULL,NULL,"2019-10-28 14:58:25","2019-10-28 14:58:29",1.0
1223,"2019-10-28 14:58:26",300202,"iPhone 6s",13.1.3,"Unable to validate consumer message received.",NULL,NULL,NULL,"2019-10-28 14:58:26","2019-10-28 14:58:26",1.0.201910230000.2
1228,"2019-10-28 14:59:49",400100,SM-G975U,28,"Documents successfully submitted.",a0906074-569e-40da-8178-772d508f7d6b,"submission - images size 2616064","submission - images received 1","2019-10-28 14:59:49","2019-10-28 14:59:51",1.0
1229,"2019-10-28 15:00:30",300100,"iPhone X",13.1.2,"Successful validation.",NULL,NULL,NULL,"2019-10-28 15:00:30","2019-10-28 15:00:33",1.0.201910230000.2
1234,"2019-10-28 15:01:59",300100,SM-T377V,25,"Successful validation.",NULL,NULL,NULL,"2019-10-28 15:01:59","2019-10-28 15:02:03",1.0
1237,"2019-10-28 15:02:52",300200,5041C,27,INFORMATION_NOT_VERIFIED_TITLE,NULL,NULL,NULL,"2019-10-28 15:02:52","2019-10-28 15:02:59",1.0
1240,"2019-10-28 15:03:22",300100,"iPhone 6s",13.1.3,"Successful validation.",NULL,NULL,NULL,"2019-10-28 15:03:22","2019-10-28 15:08:51",1.0.201910230000.2
1241,"2019-10-28 15:03:27",400100,"iPhone X",13.1.2,"Documents successfully submitted.",8619c8b9-04ff-4b18-bd39-a149b7e8aaa6,"submission - images size 8648176","submission - images received 2","2019-10-28 15:03:27","2019-10-28 15:03:29",1.0.201910230000.2
1242,"2019-10-28 15:03:32",300100,"iPhone XS Max",13.1.3,"Successful validation.",NULL,NULL,NULL,"2019-10-28 15:03:32","2019-10-28 15:03:37",1.0.201910230000.2
1245,"2019-10-28 15:03:52",300200,"iPhone 7 Plus",13.1.3,INFORMATION_NOT_VERIFIED_TITLE,NULL,NULL,NULL,"2019-10-28 15:03:52","2019-10-28 15:03:56",1.0.201910230000.2
1246,"2019-10-28 15:04:01",300100,"iPhone 7 Plus",13.1.3,"Successful validation.",NULL,NULL,NULL,"2019-10-28 15:04:01","2019-10-28 15:04:04",1.0.201910230000.2
1247,"2019-10-28 15:04:26",300100,5041C,27,"Successful validation.",NULL,NULL,NULL,"2019-10-28 15:04:26","2019-10-28 15:04:27",1.0
1248,"2019-10-28 15:04:53",300100,"iPhone X",13.1.2,"Successful validation.",NULL,NULL,NULL,"2019-10-28 15:04:53","2019-10-28 15:04:55",1.0.201910230000.2
1249,"2019-10-28 15:05:39",400100,SM-T377V,25,"Documents successfully submitted.",29480b0b-4b74-41ac-a970-a99f5795e442,"submission - images size 1266736","submission - images received 1","2019-10-28 15:05:39","2019-10-28 15:05:40",1.0
1250,"2019-10-28 15:07:31",400100,"iPhone XS Max",13.1.3,"Documents successfully submitted.",35d4f4e5-d079-4af5-9720-40f07365a91a,"submission - images size 2111536","submission - images received 1","2019-10-28 15:07:31","2019-10-28 15:07:31",1.0.201910230000.2
1251,"2019-10-28 15:07:42",400100,"iPhone X",13.1.2,"Documents successfully submitted.",462ae3b1-a0b2-468d-9c10-f5739eb99b05,"submission - images size 3351248","submission - images received 1","2019-10-28 15:07:42","2019-10-28 15:07:43",1.0.201910230000.2
1254,"2019-10-28 15:08:04",300100,"iPhone 6s",13.1.3,"Successful validation.",NULL,NULL,NULL,"2019-10-28 15:08:04","2019-10-28 15:08:51",1.0.201910230000.2
1257,"2019-10-28 15:08:29",300100,"iPhone XR",13.1.3,"Successful validation.",NULL,NULL,NULL,"2019-10-28 15:08:29","2019-10-28 15:08:32",1.0.201910230000.2
1262,"2019-10-28 15:10:22",300100,LM-X210(G),27,"Successful validation.",NULL,NULL,NULL,"2019-10-28 15:10:22","2019-10-28 15:10:24",1.0
1263,"2019-10-28 15:10:38",300100,"iPhone 8 Plus",13.1.3,"Successful validation.",NULL,NULL,NULL,"2019-10-28 15:10:38","2019-10-28 15:10:39",1.0.201910230000.2
1268,"2019-10-28 15:12:32",300100,"iPhone 6s",13.1.3,"Successful validation.",NULL,NULL,NULL,"2019-10-28 15:12:32","2019-10-28 15:12:42",1.0.201910230000.2
1269,"2019-10-28 15:13:13",300100,SM-G950U,28,"Successful validation.",NULL,NULL,NULL,"2019-10-28 15:13:13","2019-10-28 15:13:15",1.0
1270,"2019-10-28 15:16:25",400100,5041C,27,"Documents successfully submitted.",69b6af6c-bc61-43e1-b5c2-b81124af49fc,"submission - images size 1727408","submission - images received 1","2019-10-28 15:16:25","2019-10-28 15:16:29",1.0
1273,"2019-10-28 15:18:52",400100,SM-G950U,28,"Documents successfully submitted.",fd0a526c-e71d-45de-af6c-e631e70721b7,"submission - images size 3889904","submission - images received 1","2019-10-28 15:18:52","2019-10-28 15:18:54",1.0
1274,"2019-10-28 15:19:01",300200,"moto e5 cruise",26,INFORMATION_NOT_VERIFIED_TITLE,NULL,NULL,NULL,"2019-10-28 15:19:01","2019-10-28 15:20:28",1.0
1275,"2019-10-28 15:19:26",300200,"moto e5 cruise",26,INFORMATION_NOT_VERIFIED_TITLE,NULL,NULL,NULL,"2019-10-28 15:19:26","2019-10-28 15:20:28",1.0
1276,"2019-10-28 15:20:17",300200,"moto e5 cruise",26,INFORMATION_NOT_VERIFIED_TITLE,NULL,NULL,NULL,"2019-10-28 15:20:17","2019-10-28 15:20:28",1.0
1281,"2019-10-28 15:21:50",300100,SM-G975U,28,"Successful validation.",NULL,NULL,NULL,"2019-10-28 15:21:50","2019-10-28 15:21:52",1.0
1284,"2019-10-28 15:22:36",300100,"moto e5 cruise",26,"Successful validation.",NULL,NULL,NULL,"2019-10-28 15:22:36","2019-10-28 15:22:39",1.0
1285,"2019-10-28 15:23:26",300200,"iPhone X",13.1.3,INFORMATION_NOT_VERIFIED_TITLE,NULL,NULL,NULL,"2019-10-28 15:23:26","2019-10-28 15:23:29",1.0.201910230000.2
1288,"2019-10-28 15:24:04",300100,"iPhone X",13.1.3,"Successful validation.",NULL,NULL,NULL,"2019-10-28 15:24:04","2019-10-28 15:24:04",1.0.201910230000.2
1289,"2019-10-28 15:24:21",400100,SM-G975U,28,"Documents successfully submitted.",0a413308-044d-4baa-a5bd-5d1c498e0029,"submission - images size 6013440","submission - images received 2","2019-10-28 15:24:21","2019-10-28 15:24:23",1.0
1290,"2019-10-28 15:25:31",300100,SM-N960U,28,"Successful validation.",NULL,NULL,NULL,"2019-10-28 15:25:31","2019-10-28 15:25:33",1.0
1291,"2019-10-28 15:26:11",300100,SM-G975U,28,"Successful validation.",NULL,NULL,NULL,"2019-10-28 15:26:11","2019-10-28 15:26:14",1.0
1292,"2019-10-28 15:26:34",400100,SM-G975U,28,"Documents successfully submitted.",da1155b4-531e-4233-9a97-3e214026415c,"submission - images size 2725504","submission - images received 1","2019-10-28 15:26:34","2019-10-28 15:26:35",1.0
1299,"2019-10-28 15:27:45",300100,SM-G960U,28,"Successful validation.",NULL,NULL,NULL,"2019-10-28 15:27:45","2019-10-28 15:27:48",1.0
1300,"2019-10-28 15:28:18",300100,"iPhone SE",13.1.3,"Successful validation.",NULL,NULL,NULL,"2019-10-28 15:28:18","2019-10-28 15:28:21",1.0.201910230000.2
1304,"2019-10-28 15:29:44",300100,"iPhone XS Max",13.1.3,"Successful validation.",NULL,NULL,NULL,"2019-10-28 15:29:44","2019-10-28 15:29:47",1.0.201910230000.2
1305,"2019-10-28 15:29:54",300100,SM-G975U,28,"Successful validation.",NULL,NULL,NULL,"2019-10-28 15:29:54","2019-10-28 15:29:56",1.0
1306,"2019-10-28 15:30:20",400100,SM-G975U,28,"Documents successfully submitted.",01bc12fe-460d-40e2-9648-bd005c7d4e9d,"submission - images size 3843952","submission - images received 1","2019-10-28 15:30:20","2019-10-28 15:30:21",1.0
1307,"2019-10-28 15:31:01",300100,SM-G975U,28,"Successful validation.",NULL,NULL,NULL,"2019-10-28 15:31:01","2019-10-28 15:31:05",1.0
1308,"2019-10-28 15:32:06",300200,SM-G975U,28,INFORMATION_NOT_VERIFIED_TITLE,NULL,NULL,NULL,"2019-10-28 15:32:06","2019-10-28 15:32:15",1.0
1309,"2019-10-28 15:33:13",300100,SM-G975U,28,"Successful validation.",NULL,NULL,NULL,"2019-10-28 15:33:13","2019-10-28 15:33:15",1.0
1310,"2019-10-28 15:33:34",400100,SM-G975U,28,"Documents successfully submitted.",6feed05e-e0c8-47b1-b769-4700a3e04255,"submission - images size 3537680","submission - images received 1","2019-10-28 15:33:34","2019-10-28 15:33:35",1.0
1311,"2019-10-28 15:34:00",300100,"iPhone XS Max",13.1.3,"Successful validation.",NULL,NULL,NULL,"2019-10-28 15:34:00","2019-10-28 15:34:01",1.0.201910230000.2
1316,"2019-10-28 15:36:41",400100,SM-G975U,28,"Documents successfully submitted.",8ce7351c-9fd6-4917-8b77-7dfce87589db,"submission - images size 8510496","submission - images received 4","2019-10-28 15:36:41","2019-10-28 15:36:43",1.0
1322,"2019-10-28 15:37:23",400100,"iPhone SE",13.1.3,"Documents successfully submitted.",2c2526dc-7833-4c0a-bd5c-1bbc78aefe37,"submission - images size 2660800","submission - images received 2","2019-10-28 15:37:23","2019-10-28 15:37:24",1.0.201910230000.2
1323,"2019-10-28 15:37:52",300100,"moto e5 cruise",26,"Successful validation.",NULL,NULL,NULL,"2019-10-28 15:37:52","2019-10-28 15:37:52",1.0
1326,"2019-10-28 15:39:24",300100,"iPhone SE",13.1.3,"Successful validation.",NULL,NULL,NULL,"2019-10-28 15:39:24","2019-10-28 15:39:24",1.0.201910230000.2
1327,"2019-10-28 15:40:23",300100,"iPhone SE",13.1.3,"Successful validation.",NULL,NULL,NULL,"2019-10-28 15:40:23","2019-10-28 15:40:25",1.0.201910230000.2
1328,"2019-10-28 15:40:29",400100,"moto e5 cruise",26,"Documents successfully submitted.",d66bea13-10aa-4bbb-a20b-18c52fdaac71,"submission - images size 4141616","submission - images received 2","2019-10-28 15:40:29","2019-10-28 15:40:30",1.0
1329,"2019-10-28 15:40:46",400100,"iPhone SE",13.1.3,"Documents successfully submitted.",75885e61-58de-4af8-b142-bb3be59153a1,"submission - images size 1329648","submission - images received 1","2019-10-28 15:40:46","2019-10-28 15:40:47",1.0.201910230000.2
1330,"2019-10-28 15:41:36",300100,"iPhone 6s",13.1.3,"Successful validation.",NULL,NULL,NULL,"2019-10-28 15:41:36","2019-10-28 15:45:09",1.0.201910230000.2
1331,"2019-10-28 15:41:47",400100,"iPhone SE",13.1.3,"Documents successfully submitted.",1023a0e3-1b2c-45ea-ab0a-0318fef18ffc,"submission - images size 1312176","submission - images received 1","2019-10-28 15:41:47","2019-10-28 15:41:47",1.0.201910230000.2
1334,"2019-10-28 15:41:48",300200,SM-J260T1,27,INFORMATION_NOT_VERIFIED_TITLE,NULL,NULL,NULL,"2019-10-28 15:41:48","2019-10-28 15:44:10",1.0
1335,"2019-10-28 15:42:23",300200,SM-J260T1,27,INFORMATION_NOT_VERIFIED_TITLE,NULL,NULL,NULL,"2019-10-28 15:42:23","2019-10-28 15:44:10",1.0
1342,"2019-10-28 15:44:03",400100,"iPhone SE",13.1.3,"Documents successfully submitted.",fb397191-881c-45e3-98b5-1c0b2098db02,"submission - images size 1167696","submission - images received 1","2019-10-28 15:44:03","2019-10-28 15:44:03",1.0.201910230000.2
1343,"2019-10-28 15:44:28",300200,"moto e5 cruise",26,INFORMATION_NOT_VERIFIED_TITLE,NULL,NULL,NULL,"2019-10-28 15:44:28","2019-10-28 15:44:52",1.0
1344,"2019-10-28 15:44:54",400100,"iPhone SE",13.1.3,"Documents successfully submitted.",c747b35e-3894-4ff5-96ff-0202f0523228,"submission - images size 1284960","submission - images received 1","2019-10-28 15:44:54","2019-10-28 15:44:55",1.0.201910230000.2
1345,"2019-10-28 15:45:38",300100,SM-G950F,28,"Successful validation.",NULL,NULL,NULL,"2019-10-28 15:45:38","2019-10-28 15:45:39",1.0
1346,"2019-10-28 15:45:41",300100,"moto e5 cruise",26,"Successful validation.",NULL,NULL,NULL,"2019-10-28 15:45:41","2019-10-28 15:45:41",1.0
1347,"2019-10-28 15:45:42",300200,SM-G965U,26,INFORMATION_NOT_VERIFIED_TITLE,NULL,NULL,NULL,"2019-10-28 15:45:42","2019-10-28 15:45:45",1.0
1352,"2019-10-28 15:47:04",300100,"iPhone 6s",13.1.3,"Successful validation.",NULL,NULL,NULL,"2019-10-28 15:47:04","2019-10-28 15:47:20",1.0.201910230000.2
1353,"2019-10-28 15:47:05",300200,SM-J260T1,27,INFORMATION_NOT_VERIFIED_TITLE,NULL,NULL,NULL,"2019-10-28 15:47:05","2019-10-28 15:47:16",1.0
1354,"2019-10-28 15:47:15",300100,SAMSUNG-SM-J327A,27,"Successful validation.",NULL,NULL,NULL,"2019-10-28 15:47:15","2019-10-28 15:47:16",1.0
1355,"2019-10-28 15:47:24",300100,"moto e5 cruise",26,"Successful validation.",NULL,NULL,NULL,"2019-10-28 15:47:24","2019-10-28 15:47:24",1.0
1358,"2019-10-28 15:48:08",400100,"moto e5 cruise",26,"Documents successfully submitted.",3f269176-0310-4166-97fc-5c180b3752ac,"submission - images size 2293120","submission - images received 1","2019-10-28 15:48:08","2019-10-28 15:48:09",1.0
1359,"2019-10-28 15:48:23",300200,SM-G965U,26,INFORMATION_NOT_VERIFIED_TITLE,NULL,NULL,NULL,"2019-10-28 15:48:23","2019-10-28 15:48:24",1.0
1360,"2019-10-28 15:48:48",300100,SM-J337V,28,"Successful validation.",NULL,NULL,NULL,"2019-10-28 15:48:48","2019-10-28 15:48:49",1.0
1363,"2019-10-28 15:50:18",400100,SM-J337V,28,"Documents successfully submitted.",73b59c0a-f0cd-4843-89d6-e7095676f48c,"submission - images size 4240144","submission - images received 2","2019-10-28 15:50:18","2019-10-28 15:50:19",1.0
1364,"2019-10-28 15:50:47",300200,SM-G965U,26,INFORMATION_NOT_VERIFIED_TITLE,NULL,NULL,NULL,"2019-10-28 15:50:47","2019-10-28 15:50:47",1.0
1365,"2019-10-28 15:51:32",400100,SAMSUNG-SM-J327A,27,"Documents successfully submitted.",827d3f9b-c879-4bba-a2b9-528cf0dfc682,"submission - images size 1443760","submission - images received 1","2019-10-28 15:51:32","2019-10-28 15:51:32",1.0
1368,"2019-10-28 15:52:25",400100,SAMSUNG-SM-J327A,27,"Documents successfully submitted.",82f61e66-ea75-4f1a-9451-43a0fc8ddba4,"submission - images size 1622336","submission - images received 1","2019-10-28 15:52:25","2019-10-28 15:52:25",1.0
1371,"2019-10-28 15:52:50",400100,SAMSUNG-SM-J327A,27,"Documents successfully submitted.",15b9bde4-ea54-4caf-9581-ead14a537ad2,"submission - images size 1489424","submission - images received 1","2019-10-28 15:52:50","2019-10-28 15:52:50",1.0
1372,"2019-10-28 15:52:57",300200,SM-G965U,26,INFORMATION_NOT_VERIFIED_TITLE,NULL,NULL,NULL,"2019-10-28 15:52:57","2019-10-28 15:52:57",1.0
1375,"2019-10-28 15:53:14",400100,SAMSUNG-SM-J327A,27,"Documents successfully submitted.",9044cd2c-b9ea-49ca-a11f-48a5089ba604,"submission - images size 1523424","submission - images received 1","2019-10-28 15:53:14","2019-10-28 15:53:14",1.0
1378,"2019-10-28 15:53:25",300100,SM-G960U,28,"Successful validation.",NULL,NULL,NULL,"2019-10-28 15:53:25","2019-10-28 15:53:26",1.0
1379,"2019-10-28 15:53:35",400100,SAMSUNG-SM-J327A,27,"Documents successfully submitted.",d6d27d65-a1d2-42dd-83a2-926693607aab,"submission - images size 1631200","submission - images received 1","2019-10-28 15:53:35","2019-10-28 15:53:36",1.0
1382,"2019-10-28 15:53:58",400100,SAMSUNG-SM-J327A,27,"Documents successfully submitted.",49f71cf4-7ff4-4029-974e-84c2dfd09626,"submission - images size 1602752","submission - images received 1","2019-10-28 15:53:58","2019-10-28 15:53:58",1.0
1383,"2019-10-28 15:54:20",400100,SAMSUNG-SM-J327A,27,"Documents successfully submitted.",69a1c6dd-e432-4110-97b9-2b6aee622692,"submission - images size 1514000","submission - images received 1","2019-10-28 15:54:20","2019-10-28 15:54:20",1.0
1384,"2019-10-28 15:54:22",300200,SM-G965U,26,INFORMATION_NOT_VERIFIED_TITLE,NULL,NULL,NULL,"2019-10-28 15:54:22","2019-10-28 15:54:22",1.0
1385,"2019-10-28 15:54:31",300100,"iPhone 8",13.1.2,"Successful validation.",NULL,NULL,NULL,"2019-10-28 15:54:31","2019-10-28 15:54:33",1.0.201910230000.2
1386,"2019-10-28 15:54:41",400100,SAMSUNG-SM-J327A,27,"Documents successfully submitted.",0aa13da8-3959-45fc-acb0-44f399c02b65,"submission - images size 1530688","submission - images received 1","2019-10-28 15:54:41","2019-10-28 15:54:41",1.0
1387,"2019-10-28 15:55:03",400100,SAMSUNG-SM-J327A,27,"Documents successfully submitted.",2bbb8b91-c589-4495-a301-f58c2c440d7c,"submission - images size 1594640","submission - images received 1","2019-10-28 15:55:03","2019-10-28 15:55:04",1.0
1388,"2019-10-28 15:55:04",400100,SM-G960U,28,"Documents successfully submitted.",1f199630-7126-4887-b663-173c1350f317,"submission - images size 3345696","submission - images received 2","2019-10-28 15:55:04","2019-10-28 15:55:05",1.0
1390,"2019-10-28 15:55:25",400100,SAMSUNG-SM-J327A,27,"Documents successfully submitted.",e0da80a6-a5f0-4d23-9748-72288f4d50bd,"submission - images size 1567440","submission - images received 1","2019-10-28 15:55:25","2019-10-28 15:55:25",1.0
1392,"2019-10-28 15:55:52",300100,"iPhone 6s",13.1.3,"Successful validation.",NULL,NULL,NULL,"2019-10-28 15:55:52","2019-10-28 15:56:01",1.0.201910230000.2
1393,"2019-10-28 15:56:24",300100,SAMSUNG-SM-J327A,27,"Successful validation.",NULL,NULL,NULL,"2019-10-28 15:56:24","2019-10-28 15:56:24",1.0
1396,"2019-10-28 15:57:09",400100,"iPhone 6s",13.1.3,"Documents successfully submitted.",b8bab25b-19a4-42f6-a76a-e36873921a12,"submission - images size 847616","submission - images received 1","2019-10-28 15:57:09","2019-10-28 15:57:19",1.0.201910230000.2
1397,"2019-10-28 15:57:35",400100,"iPhone 8",13.1.2,"Documents successfully submitted.",569ccf6c-ecac-4fa6-858f-7fe70e5233cd,"submission - images size 1460240","submission - images received 1","2019-10-28 15:57:35","2019-10-28 15:57:36",1.0.201910230000.2
1404,"2019-10-28 15:59:31",300200,"iPhone XR",13.1.1,INFORMATION_NOT_VERIFIED_TITLE,NULL,NULL,NULL,"2019-10-28 15:59:31","2019-10-28 16:00:35",1.0.201910230000.2
1409,"2019-10-28 16:00:36",300100,"iPhone 6s",13.1.3,"Successful validation.",NULL,NULL,NULL,"2019-10-28 16:00:36","2019-10-28 16:00:45",1.0.201910230000.2
1412,"2019-10-28 16:00:39",300200,"iPhone 7",13.1.3,INFORMATION_NOT_VERIFIED_TITLE,NULL,NULL,NULL,"2019-10-28 16:00:39","2019-10-28 16:00:40",1.0.201910230000.2
1417,"2019-10-28 16:01:18",300200,"iPhone 7 Plus",13.1.2,INFORMATION_NOT_VERIFIED_TITLE,NULL,NULL,NULL,"2019-10-28 16:01:18","2019-10-28 16:01:43",1.0.201910230000.2
1420,"2019-10-28 16:03:22",300200,"iPhone XR",13.1,INFORMATION_NOT_VERIFIED_TITLE,NULL,NULL,NULL,"2019-10-28 16:03:22","2019-10-28 16:03:29",1.0.201910230000.2
1423,"2019-10-28 16:04:11",400100,"iPhone 6s",13.1.3,"Documents successfully submitted.",af3c80c4-0949-4cfb-aec8-e57ca3a0cc66,"submission - images size 8433712","submission - images received 5","2019-10-28 16:04:11","2019-10-28 16:04:22",1.0.201910230000.2
1426,"2019-10-28 16:04:30",300200,"iPhone XR",13.1,INFORMATION_NOT_VERIFIED_TITLE,NULL,NULL,NULL,"2019-10-28 16:04:30","2019-10-28 16:04:31",1.0.201910230000.2
1433,"2019-10-28 16:05:27",300100,"iPhone 8",13.1.3,"Successful validation.",NULL,NULL,NULL,"2019-10-28 16:05:27","2019-10-28 16:05:28",1.0.201910230000.2
1434,"2019-10-28 16:05:29",300100,LM-G820,28,"Successful validation.",NULL,NULL,NULL,"2019-10-28 16:05:29","2019-10-28 16:05:31",1.0
1435,"2019-10-28 16:05:36",300200,"iPhone 8",13.1.3,INFORMATION_NOT_VERIFIED_TITLE,NULL,NULL,NULL,"2019-10-28 16:05:36","2019-10-28 16:05:40",1.0.201910230000.2
1436,"2019-10-28 16:06:09",300200,"iPhone XR",13.1,INFORMATION_NOT_VERIFIED_TITLE,NULL,NULL,NULL,"2019-10-28 16:06:09","2019-10-28 16:06:10",1.0.201910230000.2
1437,"2019-10-28 16:06:24",400100,LM-G820,28,"Documents successfully submitted.",376db530-b67a-45df-886c-90e712cdbb9a,"submission - images size 2589152","submission - images received 1","2019-10-28 16:06:24","2019-10-28 16:06:25",1.0
1438,"2019-10-28 16:06:41",400100,"iPhone 8",13.1.3,"Documents successfully submitted.",b3c3950d-efc8-4926-adeb-7e2691a1b8f1,"submission - images size 2097008","submission - images received 1","2019-10-28 16:06:41","2019-10-28 16:06:42",1.0.201910230000.2
1439,"2019-10-28 16:06:57",300200,"iPhone XR",13.1,INFORMATION_NOT_VERIFIED_TITLE,NULL,NULL,NULL,"2019-10-28 16:06:57","2019-10-28 16:06:58",1.0.201910230000.2
1440,"2019-10-28 16:07:07",300100,"iPhone 8",13.1.3,"Successful validation.",NULL,NULL,NULL,"2019-10-28 16:07:07","2019-10-28 16:07:09",1.0.201910230000.2
1441,"2019-10-28 16:07:45",300100,"iPhone 8",13.1.3,"Successful validation.",NULL,NULL,NULL,"2019-10-28 16:07:45","2019-10-28 16:07:45",1.0.201910230000.2
1444,"2019-10-28 16:08:22",300200,SM-G935V,26,INFORMATION_NOT_VERIFIED_TITLE,NULL,NULL,NULL,"2019-10-28 16:08:22","2019-10-28 16:08:25",1.0
1452,"2019-10-28 16:15:10",300100,"iPhone 6s",13.1.3,"Successful validation.",NULL,NULL,NULL,"2019-10-28 16:15:10","2019-10-28 16:15:19",1.0.201910230000.2
1453,"2019-10-28 16:16:33",300100,LML212VL,27,"Successful validation.",NULL,NULL,NULL,"2019-10-28 16:16:33","2019-10-28 16:16:34",1.0
1457,"2019-10-28 16:18:18",300200,"iPhone 8 Plus",13.1.3,INFORMATION_NOT_VERIFIED_TITLE,NULL,NULL,NULL,"2019-10-28 16:18:18","2019-10-28 16:18:19",1.0.201910230000.2
1460,"2019-10-28 16:19:33",400205,"iPhone 6s",13.1.3,"Invalid image content",e67ec425-1b24-4c07-92ef-b31f7267cbfc,"submission - images size 10026272","submission - images received 6","2019-10-28 16:19:33","2019-10-28 16:19:42",1.0.201910230000.2
1461,"2019-10-28 16:19:36",300200,"iPhone 8 Plus",13.1.3,INFORMATION_NOT_VERIFIED_TITLE,NULL,NULL,NULL,"2019-10-28 16:19:36","2019-10-28 16:19:36",1.0.201910230000.2
1462,"2019-10-28 16:20:20",300200,"iPhone XR",13.1,INFORMATION_NOT_VERIFIED_TITLE,NULL,NULL,NULL,"2019-10-28 16:20:20","2019-10-28 16:20:21",1.0.201910230000.2
1463,"2019-10-28 16:21:07",300100,"iPhone 8 Plus",13.1.3,"Successful validation.",NULL,NULL,NULL,"2019-10-28 16:21:07","2019-10-28 16:21:08",1.0.201910230000.2
1464,"2019-10-28 16:21:16",300200,"iPhone 8 Plus",13.1.3,INFORMATION_NOT_VERIFIED_TITLE,NULL,NULL,NULL,"2019-10-28 16:21:16","2019-10-28 16:21:21",1.0.201910230000.2
1465,"2019-10-28 16:21:32",400205,"iPhone 6s",13.1.3,"Invalid image content",b3bb1b19-e7b3-44b1-9f6e-2a2a969690a2,"submission - images size 10026272","submission - images received 6","2019-10-28 16:21:32","2019-10-28 16:21:42",1.0.201910230000.2
1466,"2019-10-28 16:21:42",300200,"iPhone XR",13.1,INFORMATION_NOT_VERIFIED_TITLE,NULL,NULL,NULL,"2019-10-28 16:21:42","2019-10-28 16:21:42",1.0.201910230000.2
1467,"2019-10-28 16:22:26",300200,"iPhone 8 Plus",13.1.3,INFORMATION_NOT_VERIFIED_TITLE,NULL,NULL,NULL,"2019-10-28 16:22:26","2019-10-28 16:22:26",1.0.201910230000.2
1468,"2019-10-28 16:22:30",400100,"iPhone 6s",13.1.3,"Documents successfully submitted.",885ba406-87f1-4b0e-9c67-4030a7659e3c,"submission - images size 6737264","submission - images received 4","2019-10-28 16:22:30","2019-10-28 16:22:40",1.0.201910230000.2
1469,"2019-10-28 16:24:13",300200,"iPhone 8 Plus",13.1.3,INFORMATION_NOT_VERIFIED_TITLE,NULL,NULL,NULL,"2019-10-28 16:24:13","2019-10-28 16:24:14",1.0.201910230000.2
1470,"2019-10-28 16:24:14",400100,"iPhone 8 Plus",13.1.3,"Documents successfully submitted.",feb69b77-dee5-494c-8ecb-c16b1e2b235e,"submission - images size 3536992","submission - images received 2","2019-10-28 16:24:14","2019-10-28 16:24:15",1.0.201910230000.2
1479,"2019-10-28 16:25:57",300100,SM-N975U,28,"Successful validation.",NULL,NULL,NULL,"2019-10-28 16:25:57","2019-10-28 16:25:59",1.0
1491,"2019-10-28 16:29:59",300100,"iPhone 6s Plus",13.0,"Successful validation.",NULL,NULL,NULL,"2019-10-28 16:29:59","2019-10-28 16:30:00",1.0.201910230000.2
1492,"2019-10-28 16:30:10",300100,"iPhone X",13.1.3,"Successful validation.",NULL,NULL,NULL,"2019-10-28 16:30:10","2019-10-28 16:30:11",1.0.201910230000.2
1495,"2019-10-28 16:30:34",300100,"iPhone 8 Plus",13.1.2,"Successful validation.",NULL,NULL,NULL,"2019-10-28 16:30:34","2019-10-28 16:30:35",1.0.201910230000.2
1496,"2019-10-28 16:31:45",300200,"iPhone 8 Plus",13.1.3,INFORMATION_NOT_VERIFIED_TITLE,NULL,NULL,NULL,"2019-10-28 16:31:45","2019-10-28 16:31:46",1.0.201910230000.2
1500,"2019-10-28 16:32:29",300100,"iPhone 7 Plus",13.1.3,"Successful validation.",NULL,NULL,NULL,"2019-10-28 16:32:29","2019-10-28 16:32:29",1.0.201910230000.2
1501,"2019-10-28 16:32:46",300100,"iPhone X",13.1.3,"Successful validation.",NULL,NULL,NULL,"2019-10-28 16:32:46","2019-10-28 16:32:46",1.0.201910230000.2
1504,"2019-10-28 16:34:13",300100,"iPhone 8 Plus",13.1.3,"Successful validation.",NULL,NULL,NULL,"2019-10-28 16:34:13","2019-10-28 16:34:13",1.0.201910230000.2
1511,"2019-10-28 16:36:28",300100,SM-G965U,28,"Successful validation.",NULL,NULL,NULL,"2019-10-28 16:36:28","2019-10-28 16:36:29",1.0
1512,"2019-10-28 16:36:32",400100,"iPhone 7 Plus",13.1.3,"Documents successfully submitted.",e987b2e3-9c3c-466f-bc3f-632139f43188,"submission - images size 2539056","submission - images received 1","2019-10-28 16:36:32","2019-10-28 16:36:33",1.0.201910230000.2
1513,"2019-10-28 16:37:07",400100,"iPhone 7 Plus",13.1.3,"Documents successfully submitted.",93ec5989-ffad-46a2-ae27-39d8dc4130fc,"submission - images size 1923040","submission - images received 1","2019-10-28 16:37:07","2019-10-28 16:37:07",1.0.201910230000.2
1523,"2019-10-28 16:39:45",300200,"iPhone 8",13.0,INFORMATION_NOT_VERIFIED_TITLE,NULL,NULL,NULL,"2019-10-28 16:39:45","2019-10-28 16:40:06",1.0.201910230000.2
1524,"2019-10-28 16:40:57",300100,"iPhone XR",13.1.3,"Successful validation.",NULL,NULL,NULL,"2019-10-28 16:40:57","2019-10-28 16:40:57",1.0.201910230000.2
1525,"2019-10-28 16:41:05",300100,"iPhone 8",13.0,"Successful validation.",NULL,NULL,NULL,"2019-10-28 16:41:05","2019-10-28 16:41:05",1.0.201910230000.2
1528,"2019-10-28 16:43:29",400100,"iPhone 8 Plus",13.1.2,"Documents successfully submitted.",ce9ed399-4ff0-4983-98f6-217776c51c80,"submission - images size 1661552","submission - images received 1","2019-10-28 16:43:29","2019-10-28 16:43:30",1.0.201910230000.2
1530,"2019-10-28 16:44:15",300100,SM-N975U,28,"Successful validation.",NULL,NULL,NULL,"2019-10-28 16:44:15","2019-10-28 16:44:15",1.0
1531,"2019-10-28 16:44:45",400100,"iPhone 8 Plus",13.1.2,"Documents successfully submitted.",276e101c-a839-4776-be96-f1996d009219,"submission - images size 1756304","submission - images received 1","2019-10-28 16:44:45","2019-10-28 16:44:45",1.0.201910230000.2
1534,"2019-10-28 16:45:31",400100,"iPhone 8 Plus",13.1.2,"Documents successfully submitted.",df0a5793-61aa-450c-808d-878af9238340,"submission - images size 1947968","submission - images received 1","2019-10-28 16:45:31","2019-10-28 16:45:32",1.0.201910230000.2
1535,"2019-10-28 16:46:03",400100,"iPhone 8 Plus",13.1.2,"Documents successfully submitted.",24f89b92-e7ba-4df1-bb6c-854a7e2f06c6,"submission - images size 1845616","submission - images received 1","2019-10-28 16:46:03","2019-10-28 16:46:04",1.0.201910230000.2
1539,"2019-10-28 16:47:12",300200,"iPhone X",13.1.3,INFORMATION_NOT_VERIFIED_TITLE,NULL,NULL,NULL,"2019-10-28 16:47:12","2019-10-28 16:47:12",1.0.201910230000.2
1540,"2019-10-28 16:47:28",400100,"iPhone 8 Plus",13.1.2,"Documents successfully submitted.",c8719470-e849-4d60-86ca-1d7a1c12108a,"submission - images size 1836176","submission - images received 1","2019-10-28 16:47:28","2019-10-28 16:47:29",1.0.201910230000.2
1541,"2019-10-28 16:48:10",300100,"iPhone X",13.1.3,"Successful validation.",NULL,NULL,NULL,"2019-10-28 16:48:10","2019-10-28 16:48:10",1.0.201910230000.2
1551,"2019-10-28 16:56:29",300100,"iPhone XS",13.1.3,"Successful validation.",NULL,NULL,NULL,"2019-10-28 16:56:29","2019-10-28 16:56:29",1.0.201910230000.2
1554,"2019-10-28 16:59:00",300200,"iPhone XR",13.1.3,INFORMATION_NOT_VERIFIED_TITLE,NULL,NULL,NULL,"2019-10-28 16:59:00","2019-10-28 16:59:01",1.0.201910230000.2
1559,"2019-10-28 17:00:25",300100,"iPhone XR",13.1.3,"Successful validation.",NULL,NULL,NULL,"2019-10-28 17:00:25","2019-10-28 17:00:26",1.0.201910230000.2
1560,"2019-10-28 17:01:33",400100,"iPhone XR",13.1.3,"Documents successfully submitted.",a36d7b32-a7f8-45e4-ba95-d0fb57c9e723,"submission - images size 2230976","submission - images received 1","2019-10-28 17:01:33","2019-10-28 17:01:34",1.0.201910230000.2
1561,"2019-10-28 17:02:19",300100,SM-J337P,28,"Successful validation.",NULL,NULL,NULL,"2019-10-28 17:02:19","2019-10-28 17:02:20",1.0
